Longitude,Latitude,EVI,LST,precipitation,Zona_Cluster,cluster
97.35999707,5.201583498,-0.03848,25.53,6.282816,4,0
97.36208924,5.201583498,-0.03654,25.53,6.282816,4,0
97.36418141,5.201583498,-0.04864,25.53,6.282816,4,0
97.36627357,5.201583498,-0.00872,25.53,6.282816,4,0
97.35967483,5.199499947,-0.008648571,25.53,6.5872536,4,0
97.36176699,5.199499947,0.021308571,25.53,6.5872536,4,0
97.36385915,5.199499947,0.053728947,25.53,6.5872536,4,0
97.36595131,5.199499947,0.083576316,25.53,6.5872536,4,0
97.35935272,5.197416397,0.232725714,25.53,6.5872536,4,1
97.36144487,5.197416397,0.25116,25.53,6.5872536,4,1
97.36353702,5.197416397,0.203352632,25.53,6.5872536,4,0
97.36562918,5.197416397,0.174326316,25.53,6.5872536,4,0
97.35903074,5.195332847,0.293425532,25.53,6.5872536,5,1
97.36112289,5.195332847,0.309078723,25.53,6.5872536,5,1
97.36321503,5.195332847,0.32267,25.53,6.5872536,5,1
97.36530718,5.195332847,0.292908,25.53,6.5872536,4,1
97.33360323,5.193249296,-0.1023,24.99,6.5872536,4,0
97.33569537,5.193249296,-0.1023,24.99,6.5872536,4,0
97.33778751,5.193249296,0.0163,24.99,6.5872536,4,0
97.33987964,5.193249296,0.07598,24.99,6.5872536,4,0
97.34197178,5.193249296,0.037545,25.17,6.5872536,4,0
97.34406392,5.193249296,0.079875,25.17,6.5872536,4,0
97.34615606,5.193249296,0.190957143,25.17,6.5872536,4,0
97.3482482,5.193249296,0.275894286,25.17,6.5872536,4,1
97.35034034,5.193249296,0.300329545,25.29,6.5872536,5,1
97.35243248,5.193249296,0.301152273,25.29,6.5872536,5,1
97.35452461,5.193249296,0.290344681,25.29,6.5872536,5,1
97.35661675,5.193249296,0.245870213,25.29,6.5872536,4,0
97.35870889,5.193249296,0.243968085,25.31,6.5872536,4,0
97.36080103,5.193249296,0.230557447,25.31,6.5872536,4,0
97.36289317,5.193249296,0.2338,25.31,6.5872536,4,0
97.36498531,5.193249296,0.229688,25.31,6.5872536,4,0
97.36707744,5.193249296,0.216106122,25.33,6.5872536,4,0
97.36916958,5.193249296,0.179810204,25.33,6.5872536,4,0
97.37126172,5.193249296,0.140448,25.33,6.5872536,4,0
97.37335386,5.193249296,0.097306,25.33,6.5872536,4,0
97.375446,5.193249296,0.084782,25.37,6.5872536,4,0
97.37753814,5.193249296,0.078368,25.37,6.5872536,4,0
97.37963027,5.193249296,0.083792,25.37,6.5872536,4,0
97.38172241,5.193249296,0.102056,25.37,6.5872536,4,0
97.38381455,5.193249296,0.11578,25.23,6.5872536,4,0
97.38590669,5.193249296,0.10486,25.23,6.5872536,4,0
97.38799883,5.193249296,0.14221,25.23,6.5872536,4,0
97.39009097,5.193249296,0.19817,25.23,6.5872536,4,0
97.39218311,5.193249296,0.20867,25.07,6.5872536,4,0
97.39427524,5.193249296,0.159084,25.07,6.5872536,4,0
97.39636738,5.193249296,0.15249,25.07,6.5872536,4,0
97.39845952,5.193249296,0.124456,25.07,6.5872536,4,0
97.33328159,5.191165746,0.1063,24.99,6.5872536,4,0
97.33537373,5.191165746,0.1063,24.99,6.5872536,4,0
97.33746586,5.191165746,0.039842857,24.99,6.5872536,4,0
97.33955799,5.191165746,0.086328571,24.99,6.5872536,4,0
97.34165012,5.191165746,0.176407407,25.17,6.5872536,4,0
97.34374225,5.191165746,0.261248148,25.17,6.5872536,4,0
97.34583438,5.191165746,0.348811628,25.17,6.5872536,5,1
97.34792651,5.191165746,0.374774419,25.17,6.5872536,5,1
97.35001865,5.191165746,0.378153191,25.29,6.5872536,5,1
97.35211078,5.191165746,0.353482979,25.29,6.5872536,5,1
97.35420291,5.191165746,0.347172,25.29,6.5872536,5,1
97.35629504,5.191165746,0.362038,25.29,6.5872536,5,1
97.35838717,5.191165746,0.379674,25.31,6.5872536,5,1
97.3604793,5.191165746,0.37296,25.31,6.5872536,5,1
97.36257144,5.191165746,0.319598,25.31,6.5872536,5,1
97.36466357,5.191165746,0.318264,25.31,6.5872536,5,1
97.3667557,5.191165746,0.351638,25.33,6.5872536,5,1
97.36884783,5.191165746,0.34082,25.33,6.5872536,5,1
97.37093996,5.191165746,0.306252,25.33,6.5872536,5,1
97.37303209,5.191165746,0.277318,25.33,6.5872536,4,1
97.37512422,5.191165746,0.256534,25.37,6.5872536,4,1
97.37721636,5.191165746,0.207104,25.37,6.5872536,4,0
97.37930849,5.191165746,0.14505,25.37,6.5872536,4,0
97.38140062,5.191165746,0.1729,25.37,6.5872536,4,0
97.38349275,5.191165746,0.191596,25.23,6.5872536,4,0
97.38558488,5.191165746,0.160832,25.23,6.5872536,4,0
97.38767701,5.191165746,0.12448,25.23,6.5872536,4,0
97.38976914,5.191165746,0.145324,25.23,6.5872536,4,0
97.39186128,5.191165746,0.196206,25.07,6.5872536,4,0
97.39395341,5.191165746,0.219532,25.07,6.5872536,4,0
97.39604554,5.191165746,0.229368,25.07,6.5872536,4,0
97.39813767,5.191165746,0.21429,25.07,6.5872536,4,0
97.33296009,5.189082196,0.1063,24.99,6.5872536,4,0
97.33505221,5.189082196,0.1063,24.99,6.5872536,4,0
97.33714434,5.189082196,0.185728571,24.99,6.5872536,4,0
97.33923646,5.189082196,0.190914286,24.99,6.5872536,4,0
97.34132859,5.189082196,0.178566667,25.17,6.5872536,4,0
97.34342071,5.189082196,0.240014815,25.17,6.5872536,4,0
97.34551284,5.189082196,0.291718605,25.17,6.5872536,5,1
97.34760496,5.189082196,0.341813953,25.17,6.5872536,5,1
97.34969709,5.189082196,0.366838298,25.29,6.5872536,5,1
97.35178921,5.189082196,0.373895745,25.29,6.5872536,5,1
97.35388134,5.189082196,0.400076,25.29,6.5872536,5,1
97.35597346,5.189082196,0.416298,25.29,6.5872536,5,1
97.35806558,5.189082196,0.43411,25.31,6.5872536,5,1
97.36015771,5.189082196,0.436846,25.31,6.5872536,5,1
97.36224983,5.189082196,0.423514,25.31,6.5872536,5,1
97.36434196,5.189082196,0.424462,25.31,6.5872536,5,1
97.36643408,5.189082196,0.4097,25.33,6.5872536,5,1
97.36852621,5.189082196,0.37083,25.33,6.5872536,5,1
97.37061833,5.189082196,0.366998,25.33,6.5872536,5,1
97.37271046,5.189082196,0.354878,25.33,6.5872536,5,1
97.37480258,5.189082196,0.363076,25.37,6.5872536,5,1
97.37689471,5.189082196,0.355054,25.37,6.5872536,5,1
97.37898683,5.189082196,0.318116,25.37,6.5872536,5,1
97.38107896,5.189082196,0.3383,25.37,6.5872536,5,1
97.38317108,5.189082196,0.358846,25.23,6.5872536,5,1
97.3852632,5.189082196,0.328558,25.23,6.5872536,5,1
97.38735533,5.189082196,0.285968,25.23,6.5872536,4,1
97.38944745,5.189082196,0.28771,25.23,6.5872536,5,1
97.39153958,5.189082196,0.303432,25.07,6.5872536,5,1
97.3936317,5.189082196,0.350244,25.07,6.5872536,5,1
97.39572383,5.189082196,0.358974,25.07,6.5872536,5,1
97.39781595,5.189082196,0.33942,25.07,6.5872536,5,1
97.33263871,5.186998645,0.1559,24.99,6.5872536,4,0
97.33473083,5.186998645,0.1559,24.99,6.5872536,4,0
97.33682295,5.186998645,0.19138,24.99,6.5872536,4,0
97.33891507,5.186998645,0.17992,24.99,6.5872536,4,0
97.34100719,5.186998645,0.140342857,25.17,6.5872536,4,0
97.3430993,5.186998645,0.152278571,25.17,6.5872536,4,0
97.34519142,5.186998645,0.171852941,25.17,6.5872536,4,0
97.34728354,5.186998645,0.198576471,25.17,6.5872536,4,0
97.34937566,5.186998645,0.228395556,25.29,6.5872536,4,0
97.35146777,5.186998645,0.249944444,25.29,6.5872536,4,0
97.35355989,5.186998645,0.289252,25.29,6.5872536,5,1
97.35565201,5.186998645,0.324974,25.29,6.5872536,5,1
97.35774413,5.186998645,0.361582,25.31,6.5872536,5,1
97.35983625,5.186998645,0.375488,25.31,6.5872536,5,1
97.36192836,5.186998645,0.38604,25.31,6.5872536,5,1
97.36402048,5.186998645,0.37897,25.31,6.5872536,5,1
97.3661126,5.186998645,0.3707,25.33,6.5872536,5,1
97.36820472,5.186998645,0.375838,25.33,6.5872536,5,1
97.37029683,5.186998645,0.378138,25.33,6.5872536,5,1
97.37238895,5.186998645,0.379292,25.33,6.5872536,5,1
97.37448107,5.186998645,0.362982,25.37,6.5872536,5,1
97.37657319,5.186998645,0.346526,25.37,6.5872536,5,1
97.3786653,5.186998645,0.384072,25.37,6.5872536,5,1
97.38075742,5.186998645,0.384252,25.37,6.5872536,5,1
97.38284954,5.186998645,0.382412,25.23,6.5872536,5,1
97.38494166,5.186998645,0.39419,25.23,6.5872536,5,1
97.38703378,5.186998645,0.408084,25.23,6.5872536,5,1
97.38912589,5.186998645,0.405572,25.23,6.5872536,5,1
97.39121801,5.186998645,0.414968,25.07,6.5872536,5,1
97.39331013,5.186998645,0.422114,25.07,6.5872536,5,1
97.39540225,5.186998645,0.426586,25.07,6.5872536,5,1
97.39749436,5.186998645,0.429374,25.07,6.5872536,5,1
97.30721214,5.184915095,-0.06679,24.65,6.5872536,4,0
97.30930425,5.184915095,-0.07186,24.65,6.5872536,4,0
97.31139636,5.184915095,-0.0617,24.65,6.5872536,4,0
97.31348847,5.184915095,-0.04370625,24.65,6.5872536,4,0
97.31558059,5.184915095,-0.017493548,24.67,6.5872536,4,0
97.3176727,5.184915095,0.034406452,24.67,6.5872536,4,0
97.31976481,5.184915095,0.067565217,24.67,6.5872536,4,0
97.32185692,5.184915095,0.0717,24.67,6.5872536,4,0
97.34905436,5.184915095,0.273542222,25.25,6.5872536,4,1
97.35114647,5.184915095,0.327975556,25.25,6.5872536,5,1
97.35323858,5.184915095,0.330916,25.25,6.5872536,5,1
97.35533069,5.184915095,0.344414,25.25,6.5872536,5,1
97.3574228,5.184915095,0.368044,25.27,6.5872536,5,1
97.35951491,5.184915095,0.377622,25.27,6.5872536,5,1
97.36160702,5.184915095,0.367208,25.27,6.5872536,5,1
97.36369913,5.184915095,0.34123,25.27,6.5872536,5,1
97.36579125,5.184915095,0.335132,25.27,6.5872536,5,1
97.36788336,5.184915095,0.370536,25.27,6.5872536,5,1
97.36997547,5.184915095,0.38173,25.27,6.5872536,5,1
97.37206758,5.184915095,0.386808,25.27,6.5872536,5,1
97.37415969,5.184915095,0.383758,25.29,6.5872536,5,1
97.3762518,5.184915095,0.379814,25.29,6.5872536,5,1
97.37834391,5.184915095,0.408984,25.29,6.5872536,5,1
97.38043602,5.184915095,0.40402,25.29,6.5872536,5,1
97.38252813,5.184915095,0.37833,25.15,6.5872536,5,1
97.38462024,5.184915095,0.384682,25.15,6.5872536,5,1
97.38671235,5.184915095,0.388422,25.15,6.5872536,5,1
97.38880446,5.184915095,0.396754,25.15,6.5872536,5,1
97.39089657,5.184915095,0.407634,25.07,6.5872536,5,1
97.39298869,5.184915095,0.410464,25.07,6.5872536,5,1
97.3950808,5.184915095,0.3779,25.07,6.5872536,5,1
97.39717291,5.184915095,0.378246,25.07,6.5872536,5,1
97.39926502,5.184915095,0.371908,25.07,6.5872536,5,1
97.40135713,5.184915095,0.358092,25.07,7.083216,5,1
97.40344924,5.184915095,0.346056,25.07,7.083216,5,1
97.40554135,5.184915095,0.343392,25.07,7.083216,5,1
97.40763346,5.184915095,0.33797,25.07,7.083216,5,1
97.40972557,5.184915095,0.319776,25.07,7.083216,5,1
97.41181768,5.184915095,0.31541,25.07,7.083216,5,1
97.41390979,5.184915095,0.297596,25.07,7.083216,5,1
97.30689111,5.182831544,-0.051802857,24.65,6.5872536,4,0
97.30898322,5.182831544,-0.020168571,24.65,6.5872536,4,0
97.31107532,5.182831544,0.020333333,24.65,6.5872536,4,0
97.31316742,5.182831544,0.045135556,24.65,6.5872536,4,0
97.31525953,5.182831544,0.051923913,24.67,6.5872536,4,0
97.31735163,5.182831544,0.052391304,24.67,6.5872536,4,0
97.31944374,5.182831544,0.063811364,24.67,6.5872536,4,0
97.32153584,5.182831544,0.062893182,24.67,6.5872536,4,0
97.34873319,5.182831544,0.306497222,25.25,6.5872536,5,1
97.3508253,5.182831544,0.341775,25.25,6.5872536,5,1
97.3529174,5.182831544,0.373835556,25.25,6.5872536,5,1
97.3550095,5.182831544,0.355995556,25.25,6.5872536,5,1
97.35710161,5.182831544,0.325641667,25.27,6.5872536,5,1
97.35919371,5.182831544,0.3217125,25.27,6.5872536,5,1
97.36128581,5.182831544,0.390382,25.27,6.5872536,5,1
97.36337792,5.182831544,0.410524,25.27,6.5872536,5,1
97.36547002,5.182831544,0.392968,25.27,6.5872536,5,1
97.36756213,5.182831544,0.39861,25.27,6.5872536,5,1
97.36965423,5.182831544,0.394218,25.27,6.5872536,5,1
97.37174633,5.182831544,0.37203,25.27,6.5872536,5,1
97.37383844,5.182831544,0.36177,25.29,6.5872536,5,1
97.37593054,5.182831544,0.348724,25.29,6.5872536,5,1
97.37802265,5.182831544,0.401088,25.29,6.5872536,5,1
97.38011475,5.182831544,0.428672,25.29,6.5872536,5,1
97.38220685,5.182831544,0.435122,25.15,6.5872536,5,1
97.38429896,5.182831544,0.43259,25.15,6.5872536,5,1
97.38639106,5.182831544,0.429396,25.15,6.5872536,5,1
97.38848317,5.182831544,0.428116,25.15,6.5872536,5,1
97.39057527,5.182831544,0.399008,25.07,6.5872536,5,1
97.39266737,5.182831544,0.363886,25.07,6.5872536,5,1
97.39475948,5.182831544,0.362788,25.07,6.5872536,5,1
97.39685158,5.182831544,0.383842,25.07,6.5872536,5,1
97.39894369,5.182831544,0.400602,25.07,6.5872536,5,1
97.40103579,5.182831544,0.427774,25.07,7.083216,5,1
97.40312789,5.182831544,0.439292,25.07,7.083216,5,1
97.40522,5.182831544,0.444094,25.07,7.083216,5,1
97.4073121,5.182831544,0.444612,25.07,7.083216,5,1
97.4094042,5.182831544,0.409194,25.07,7.083216,5,1
97.41149631,5.182831544,0.387106,25.07,7.083216,5,1
97.41358841,5.182831544,0.362398,25.07,7.083216,5,1
97.30657021,5.180747994,0.083368571,24.65,6.5872536,4,0
97.30866231,5.180747994,0.074125714,24.65,6.5872536,4,0
97.31075441,5.180747994,0.071071111,24.65,6.5872536,4,0
97.31284651,5.180747994,0.08036,24.65,6.5872536,4,0
97.3149386,5.180747994,0.072208696,24.67,6.5872536,4,0
97.3170307,5.180747994,0.07086087,24.67,6.5872536,4,0
97.3191228,5.180747994,0.087356818,24.67,6.5872536,4,0
97.32121489,5.180747994,0.085559091,24.67,6.5872536,4,0
97.34841215,5.180747994,0.30735,25.25,6.5872536,5,1
97.35050425,5.180747994,0.357866667,25.25,6.5872536,5,1
97.35259635,5.180747994,0.381486667,25.25,6.5872536,5,1
97.35468845,5.180747994,0.353671111,25.25,6.5872536,5,1
97.35678054,5.180747994,0.296385417,25.27,6.5872536,5,1
97.35887264,5.180747994,0.309939583,25.27,6.5872536,5,1
97.36096474,5.180747994,0.396408,25.27,6.5872536,5,1
97.36305683,5.180747994,0.432636,25.27,6.5872536,5,1
97.36514893,5.180747994,0.421864,25.27,6.5872536,5,1
97.36724103,5.180747994,0.406406,25.27,6.5872536,5,1
97.36933312,5.180747994,0.370946,25.27,6.5872536,5,1
97.37142522,5.180747994,0.335108,25.27,6.5872536,5,1
97.37351732,5.180747994,0.294224,25.29,6.5872536,5,1
97.37560942,5.180747994,0.290874,25.29,6.5872536,5,1
97.37770151,5.180747994,0.324752,25.29,6.5872536,5,1
97.37979361,5.180747994,0.337864,25.29,6.5872536,5,1
97.38188571,5.180747994,0.363918,25.15,6.5872536,5,1
97.3839778,5.180747994,0.373392,25.15,6.5872536,5,1
97.3860699,5.180747994,0.401884,25.15,6.5872536,5,1
97.388162,5.180747994,0.427342,25.15,6.5872536,5,1
97.39025409,5.180747994,0.427296,25.07,6.5872536,5,1
97.39234619,5.180747994,0.386762,25.07,6.5872536,5,1
97.39443829,5.180747994,0.368872,25.07,6.5872536,5,1
97.39653039,5.180747994,0.385972,25.07,6.5872536,5,1
97.39862248,5.180747994,0.405028,25.07,6.5872536,5,1
97.40071458,5.180747994,0.420166,25.07,7.083216,5,1
97.40280668,5.180747994,0.407684,25.07,7.083216,5,1
97.40489877,5.180747994,0.38647,25.07,7.083216,5,1
97.40699087,5.180747994,0.382344,25.07,7.083216,5,1
97.40908297,5.180747994,0.387708,25.07,7.083216,5,1
97.41117506,5.180747994,0.379172,25.07,7.083216,5,1
97.41326716,5.180747994,0.38207,25.07,7.083216,5,1
97.30624945,5.178664444,0.119276,24.65,6.5872536,4,0
97.30834154,5.178664444,0.080372,24.65,6.5872536,4,0
97.31043363,5.178664444,0.089422,24.65,6.5872536,4,0
97.31252572,5.178664444,0.148652,24.65,6.5872536,4,0
97.31461781,5.178664444,0.144138,24.67,6.5872536,4,0
97.3167099,5.178664444,0.085612,24.67,6.5872536,4,0
97.31880199,5.178664444,0.078248,24.67,6.5872536,4,0
97.32089408,5.178664444,0.086454,24.67,6.5872536,4,0
97.34809125,5.178664444,0.210840741,25.25,6.5872536,4,0
97.35018334,5.178664444,0.26902963,25.25,6.5872536,4,1
97.35227543,5.178664444,0.345323077,25.25,6.5872536,5,1
97.35436752,5.178664444,0.351707692,25.25,6.5872536,5,1
97.35645961,5.178664444,0.382497917,25.27,6.5872536,5,1
97.3585517,5.178664444,0.38305625,25.27,6.5872536,5,1
97.36064379,5.178664444,0.419492,25.27,6.5872536,5,1
97.36273588,5.178664444,0.372546,25.27,6.5872536,5,1
97.36482797,5.178664444,0.315464,25.27,6.5872536,5,1
97.36692006,5.178664444,0.323412,25.27,6.5872536,5,1
97.36901215,5.178664444,0.311282,25.27,6.5872536,5,1
97.37110424,5.178664444,0.280012,25.27,6.5872536,4,1
97.37319633,5.178664444,0.292202,25.29,6.5872536,5,1
97.37528842,5.178664444,0.316526,25.29,6.5872536,5,1
97.37738051,5.178664444,0.331938,25.29,6.5872536,5,1
97.3794726,5.178664444,0.327566,25.29,6.5872536,5,1
97.38156469,5.178664444,0.337386,25.15,6.5872536,5,1
97.38365678,5.178664444,0.32743,25.15,6.5872536,5,1
97.38574887,5.178664444,0.324676,25.15,6.5872536,5,1
97.38784096,5.178664444,0.363564,25.15,6.5872536,5,1
97.38993305,5.178664444,0.377154,25.07,6.5872536,5,1
97.39202514,5.178664444,0.413154,25.07,6.5872536,5,1
97.39411723,5.178664444,0.44099,25.07,6.5872536,5,1
97.39620932,5.178664444,0.453714,25.07,6.5872536,5,1
97.39830141,5.178664444,0.451024,25.07,6.5872536,5,1
97.4003935,5.178664444,0.442632,25.07,7.083216,5,1
97.40248559,5.178664444,0.432926,25.07,7.083216,5,1
97.40457768,5.178664444,0.408974,25.07,7.083216,5,1
97.40666977,5.178664444,0.385928,25.07,7.083216,5,1
97.40876186,5.178664444,0.391064,25.07,7.083216,5,1
97.41085395,5.178664444,0.404792,25.07,7.083216,5,1
97.41294604,5.178664444,0.40359,25.07,7.083216,5,1
97.28919214,5.176580893,-0.065566667,24.33,6.3384004,4,0
97.29128423,5.176580893,-0.044588889,24.33,6.3384004,4,0
97.29337631,5.176580893,-0.023417857,24.33,6.3384004,4,0
97.29546839,5.176580893,0.059735714,24.33,6.3384004,4,0
97.29756048,5.176580893,0.199039535,24.39,6.3384004,4,0
97.29965256,5.176580893,0.289681395,24.39,6.3384004,5,0
97.30174464,5.176580893,0.328997959,24.39,6.5872536,5,0
97.30383673,5.176580893,0.286130612,24.39,6.5872536,5,0
97.31429714,5.176580893,0.18885,24.57,6.5872536,4,0
97.31638923,5.176580893,0.195462,24.57,6.5872536,4,0
97.31848131,5.176580893,0.165664,24.57,6.5872536,4,0
97.32057339,5.176580893,0.14247,24.57,6.5872536,4,0
97.32266548,5.176580893,0.102869388,24.57,6.5872536,4,0
97.32475756,5.176580893,0.081291837,24.57,6.5872536,4,0
97.32684964,5.176580893,0.074297917,24.57,6.5872536,4,0
97.32894173,5.176580893,0.076225,24.57,6.5872536,4,0
97.33103381,5.176580893,0.101778049,24.71,6.5872536,4,0
97.33312589,5.176580893,0.116202439,24.71,6.5872536,4,0
97.33521797,5.176580893,0.145357692,24.71,6.5872536,4,0
97.33731006,5.176580893,0.144073077,24.71,6.5872536,4,0
97.33940214,5.176580893,0.109704545,25.09,6.5872536,4,0
97.34149422,5.176580893,0.096386364,25.09,6.5872536,4,0
97.34358631,5.176580893,0.099372727,25.09,6.5872536,4,0
97.34567839,5.176580893,0.149063636,25.09,6.5872536,4,0
97.35613881,5.176580893,0.3965,25.27,6.5872536,5,1
97.35823089,5.176580893,0.424966667,25.27,6.5872536,5,1
97.36032297,5.176580893,0.420086,25.27,6.5872536,5,1
97.36241506,5.176580893,0.339782,25.27,6.5872536,5,1
97.36450714,5.176580893,0.287136,25.27,6.5872536,5,1
97.36659922,5.176580893,0.302516,25.27,6.5872536,5,1
97.36869131,5.176580893,0.336036,25.27,6.5872536,5,1
97.37078339,5.176580893,0.346524,25.27,6.5872536,5,1
97.37287547,5.176580893,0.348998,25.39,6.5872536,5,1
97.37496756,5.176580893,0.36333,25.39,6.5872536,5,1
97.37705964,5.176580893,0.39821,25.39,6.5872536,5,1
97.37915172,5.176580893,0.390624,25.39,6.5872536,5,1
97.38124381,5.176580893,0.376872,25.51,6.5872536,5,1
97.38333589,5.176580893,0.353772,25.51,6.5872536,5,1
97.38542797,5.176580893,0.320716,25.51,6.5872536,5,1
97.38752006,5.176580893,0.33121,25.51,6.5872536,5,1
97.38961214,5.176580893,0.332566,25.45,6.5872536,5,1
97.39170422,5.176580893,0.362178,25.45,6.5872536,5,1
97.3937963,5.176580893,0.412168,25.45,6.5872536,5,1
97.39588839,5.176580893,0.428458,25.45,6.5872536,5,1
97.39798047,5.176580893,0.427852,25.33,6.5872536,5,1
97.40007255,5.176580893,0.431956,25.33,7.083216,5,1
97.40216464,5.176580893,0.464512,25.33,7.083216,5,1
97.40425672,5.176580893,0.465972,25.33,7.083216,5,1
97.4063488,5.176580893,0.450554,25.27,7.083216,5,1
97.40844089,5.176580893,0.407192,25.27,7.083216,5,1
97.41053297,5.176580893,0.379312,25.27,7.083216,5,1
97.41262505,5.176580893,0.348552,25.27,7.083216,5,1
97.41471714,5.176580893,0.334022,25.95,7.083216,5,1
97.41680922,5.176580893,0.318192,25.95,7.083216,5,1
97.4189013,5.176580893,0.316642,25.95,7.083216,5,1
97.42099339,5.176580893,0.3143,25.95,7.083216,5,1
97.28887169,5.174497343,-0.036904348,24.33,6.3384004,4,0
97.29096377,5.174497343,0.041854348,24.33,6.3384004,4,0
97.29305585,5.174497343,0.165816327,24.33,6.3384004,4,0
97.29514792,5.174497343,0.245993878,24.33,6.3384004,4,0
97.29724,5.174497343,0.3263875,24.39,6.3384004,5,0
97.29933207,5.174497343,0.337575,24.39,6.3384004,5,0
97.30142415,5.174497343,0.308826,24.39,6.5872536,5,0
97.30351623,5.174497343,0.250592,24.39,6.5872536,4,0
97.31397661,5.174497343,0.18965,24.57,6.5872536,4,0
97.31606869,5.174497343,0.213948,24.57,6.5872536,4,0
97.31816076,5.174497343,0.215254,24.57,6.5872536,4,0
97.32025284,5.174497343,0.158534,24.57,6.5872536,4,0
97.32234491,5.174497343,0.107244,24.57,6.5872536,4,0
97.32443699,5.174497343,0.084732,24.57,6.5872536,4,0
97.32652907,5.174497343,0.081616,24.57,6.5872536,4,0
97.32862114,5.174497343,0.078948,24.57,6.5872536,4,0
97.33071322,5.174497343,0.086556,24.71,6.5872536,4,0
97.3328053,5.174497343,0.111258,24.71,6.5872536,4,0
97.33489737,5.174497343,0.133638776,24.71,6.5872536,4,0
97.33698945,5.174497343,0.12707551,24.71,6.5872536,4,0
97.33908152,5.174497343,0.111365116,25.09,6.5872536,4,0
97.3411736,5.174497343,0.1082,25.09,6.5872536,4,0
97.34326568,5.174497343,0.125521429,25.09,6.5872536,4,0
97.34535775,5.174497343,0.144221429,25.09,6.5872536,4,0
97.35581814,5.174497343,0.29,25.27,6.5872536,5,1
97.35791021,5.174497343,0.329497917,25.27,6.5872536,5,1
97.36000229,5.174497343,0.33687,25.27,6.5872536,5,1
97.36209436,5.174497343,0.328104,25.27,6.5872536,5,1
97.36418644,5.174497343,0.270648,25.27,6.5872536,4,1
97.36627852,5.174497343,0.181464,25.27,6.5872536,4,0
97.36837059,5.174497343,0.230954,25.27,6.5872536,4,0
97.37046267,5.174497343,0.285752,25.27,6.5872536,4,1
97.37255475,5.174497343,0.334924,25.39,6.5872536,5,1
97.37464682,5.174497343,0.373262,25.39,6.5872536,5,1
97.3767389,5.174497343,0.412022,25.39,6.5872536,5,1
97.37883098,5.174497343,0.41688,25.39,6.5872536,5,1
97.38092305,5.174497343,0.42459,25.51,6.5872536,5,1
97.38301513,5.174497343,0.411638,25.51,6.5872536,5,1
97.3851072,5.174497343,0.388324,25.51,6.5872536,5,1
97.38719928,5.174497343,0.402426,25.51,6.5872536,5,1
97.38929136,5.174497343,0.415906,25.45,6.5872536,5,1
97.39138343,5.174497343,0.405268,25.45,6.5872536,5,1
97.39347551,5.174497343,0.387078,25.45,6.5872536,5,1
97.39556759,5.174497343,0.358532,25.45,6.5872536,5,1
97.39765966,5.174497343,0.355972,25.33,6.5872536,5,1
97.39975174,5.174497343,0.35615,25.33,6.5872536,5,1
97.40184381,5.174497343,0.36328,25.33,7.083216,5,1
97.40393589,5.174497343,0.367686,25.33,7.083216,5,1
97.40602797,5.174497343,0.366718,25.27,7.083216,5,1
97.40812004,5.174497343,0.339774,25.27,7.083216,5,1
97.41021212,5.174497343,0.322018,25.27,7.083216,5,1
97.4123042,5.174497343,0.311978,25.27,7.083216,5,1
97.41439627,5.174497343,0.286168,25.95,7.083216,4,1
97.41648835,5.174497343,0.280704,25.95,7.083216,4,1
97.41858043,5.174497343,0.293538,25.95,7.083216,4,1
97.4206725,5.174497343,0.2993,25.95,7.083216,4,1
97.28855137,5.172413793,0.146893478,24.33,6.3384004,4,0
97.29064344,5.172413793,0.23893913,24.33,6.3384004,4,0
97.29273551,5.172413793,0.325185714,24.33,6.3384004,5,0
97.29482758,5.172413793,0.334495918,24.33,6.3384004,5,0
97.29691965,5.172413793,0.3250375,24.39,6.3384004,5,0
97.29901172,5.172413793,0.286345833,24.39,6.3384004,5,0
97.30110379,5.172413793,0.194994,24.39,6.5872536,4,0
97.30319586,5.172413793,0.130868,24.39,6.5872536,4,0
97.31365621,5.172413793,0.117444,24.57,6.5872536,4,0
97.31574828,5.172413793,0.109612,24.57,6.5872536,4,0
97.31784034,5.172413793,0.095102,24.57,6.5872536,4,0
97.31993241,5.172413793,0.083298,24.57,6.5872536,4,0
97.32202448,5.172413793,0.073652,24.57,6.5872536,4,0
97.32411655,5.172413793,0.072098,24.57,6.5872536,4,0
97.32620862,5.172413793,0.084038,24.57,6.5872536,4,0
97.32830069,5.172413793,0.08632,24.57,6.5872536,4,0
97.33039276,5.172413793,0.087614,24.71,6.5872536,4,0
97.33248483,5.172413793,0.119434,24.71,6.5872536,4,0
97.3345769,5.172413793,0.160108163,24.71,6.5872536,4,0
97.33666897,5.172413793,0.156995918,24.71,6.5872536,4,0
97.33876104,5.172413793,0.139772093,25.09,6.5872536,4,0
97.34085311,5.172413793,0.149916279,25.09,6.5872536,4,0
97.34294518,5.172413793,0.14905,25.09,6.5872536,4,0
97.34503725,5.172413793,0.144709524,25.09,6.5872536,4,0
97.35549759,5.172413793,0.206708333,25.27,6.5872536,4,0
97.35758966,5.172413793,0.225170833,25.27,6.5872536,4,0
97.35968173,5.172413793,0.267782,25.27,6.5872536,4,1
97.3617738,5.172413793,0.315778,25.27,6.5872536,5,1
97.36386587,5.172413793,0.27924,25.27,6.5872536,4,1
97.36595794,5.172413793,0.188912,25.27,6.5872536,4,0
97.36805001,5.172413793,0.19846,25.27,6.5872536,4,0
97.37014208,5.172413793,0.225078,25.27,6.5872536,4,0
97.37223415,5.172413793,0.245882,25.39,6.5872536,4,0
97.37432622,5.172413793,0.30975,25.39,6.5872536,5,1
97.37641829,5.172413793,0.373066,25.39,6.5872536,5,1
97.37851036,5.172413793,0.381944,25.39,6.5872536,5,1
97.38060243,5.172413793,0.400526,25.51,6.5872536,5,1
97.3826945,5.172413793,0.391686,25.51,6.5872536,5,1
97.38478657,5.172413793,0.38483,25.51,6.5872536,5,1
97.38687864,5.172413793,0.392974,25.51,6.5872536,5,1
97.38897071,5.172413793,0.427884,25.45,6.5872536,5,1
97.39106278,5.172413793,0.448418,25.45,6.5872536,5,1
97.39315484,5.172413793,0.466538,25.45,6.5872536,5,1
97.39524691,5.172413793,0.437628,25.45,6.5872536,5,1
97.39733898,5.172413793,0.382468,25.33,6.5872536,5,1
97.39943105,5.172413793,0.348114,25.33,6.5872536,5,1
97.40152312,5.172413793,0.314808,25.33,7.083216,5,1
97.40361519,5.172413793,0.295544,25.33,7.083216,4,1
97.40570726,5.172413793,0.300646,25.27,7.083216,5,1
97.40779933,5.172413793,0.30965,25.27,7.083216,5,1
97.4098914,5.172413793,0.301258,25.27,7.083216,5,1
97.41198347,5.172413793,0.283488,25.27,7.083216,4,1
97.41407554,5.172413793,0.274968,25.95,7.083216,4,1
97.41616761,5.172413793,0.275132,25.95,7.083216,4,1
97.41825968,5.172413793,0.27953,25.95,7.083216,4,1
97.42035175,5.172413793,0.287578,25.95,7.083216,4,1
97.28823118,5.170330242,0.285695918,24.33,6.3384004,5,0
97.29032325,5.170330242,0.353773469,24.33,6.3384004,5,0
97.29241531,5.170330242,0.382765306,24.33,6.3384004,5,0
97.29450737,5.170330242,0.355691837,24.33,6.3384004,5,0
97.29659943,5.170330242,0.29097551,24.39,6.3384004,5,0
97.2986915,5.170330242,0.184432653,24.39,6.3384004,4,0
97.30078356,5.170330242,0.093436,24.39,6.5872536,4,0
97.30287562,5.170330242,0.072056,24.39,6.5872536,4,0
97.31333593,5.170330242,0.117408,24.57,6.5872536,4,0
97.315428,5.170330242,0.079306,24.57,6.5872536,4,0
97.31752006,5.170330242,0.066774,24.57,6.5872536,4,0
97.31961212,5.170330242,0.06359,24.57,6.5872536,4,0
97.32170418,5.170330242,0.05985,24.57,6.5872536,4,0
97.32379625,5.170330242,0.065582,24.57,6.5872536,4,0
97.32588831,5.170330242,0.085418,24.57,6.5872536,4,0
97.32798037,5.170330242,0.095142,24.57,6.5872536,4,0
97.33007243,5.170330242,0.108222,24.71,6.5872536,4,0
97.3321645,5.170330242,0.145702,24.71,6.5872536,4,0
97.33425656,5.170330242,0.18494,24.71,6.5872536,4,0
97.33634862,5.170330242,0.17776,24.71,6.5872536,4,0
97.33844068,5.170330242,0.164512,25.09,6.5872536,4,0
97.34053275,5.170330242,0.176638,25.09,6.5872536,4,0
97.34262481,5.170330242,0.19322,25.09,6.5872536,4,0
97.34471687,5.170330242,0.21093,25.09,6.5872536,4,0
97.35517718,5.170330242,0.243516,25.27,6.5872536,4,0
97.35726925,5.170330242,0.254564,25.27,6.5872536,4,0
97.35936131,5.170330242,0.25601,25.27,6.5872536,4,0
97.36145337,5.170330242,0.272122,25.27,6.5872536,4,1
97.36354544,5.170330242,0.267148,25.27,6.5872536,4,1
97.3656375,5.170330242,0.257114,25.27,6.5872536,4,0
97.36772956,5.170330242,0.255226,25.27,6.5872536,4,0
97.36982162,5.170330242,0.276546,25.27,6.5872536,4,1
97.37191369,5.170330242,0.320378,25.39,6.5872536,5,1
97.37400575,5.170330242,0.382634,25.39,6.5872536,5,1
97.37609781,5.170330242,0.425218,25.39,6.5872536,5,1
97.37818987,5.170330242,0.439078,25.39,6.5872536,5,1
97.38028194,5.170330242,0.440474,25.51,6.5872536,5,1
97.382374,5.170330242,0.438486,25.51,6.5872536,5,1
97.38446606,5.170330242,0.414188,25.51,6.5872536,5,1
97.38655812,5.170330242,0.39167,25.51,6.5872536,5,1
97.38865019,5.170330242,0.389676,25.45,6.5872536,5,1
97.39074225,5.170330242,0.390544,25.45,6.5872536,5,1
97.39283431,5.170330242,0.38083,25.45,6.5872536,5,1
97.39492637,5.170330242,0.375054,25.45,6.5872536,5,1
97.39701844,5.170330242,0.373678,25.33,6.5872536,5,1
97.3991105,5.170330242,0.345118,25.33,6.5872536,5,1
97.40120256,5.170330242,0.33587,25.33,7.083216,5,1
97.40329462,5.170330242,0.331498,25.33,7.083216,5,1
97.40538669,5.170330242,0.33118,25.27,7.083216,5,1
97.40747875,5.170330242,0.328698,25.27,7.083216,5,1
97.40957081,5.170330242,0.311312,25.27,7.083216,5,1
97.41166287,5.170330242,0.293916,25.27,7.083216,4,1
97.41375494,5.170330242,0.29436,25.95,7.083216,4,1
97.415847,5.170330242,0.288878,25.95,7.083216,4,1
97.41793906,5.170330242,0.29073,25.95,7.083216,4,1
97.42003112,5.170330242,0.31771,25.95,7.083216,5,1
97.28791112,5.168246692,0.237304082,22.57,6.3384004,5,0
97.29000318,5.168246692,0.324765306,22.57,6.3384004,5,0
97.29209524,5.168246692,0.381359184,22.57,6.3384004,5,0
97.29418729,5.168246692,0.330993878,22.57,6.3384004,5,0
97.31301579,5.168246692,0.339704,24.03,6.5872536,5,0
97.31510785,5.168246692,0.287826,24.03,6.5872536,5,0
97.3171999,5.168246692,0.218732,24.03,6.5872536,4,0
97.31929196,5.168246692,0.178532,24.03,6.5872536,4,0
97.32138402,5.168246692,0.128228,24.21,6.5872536,4,0
97.32347607,5.168246692,0.115784,24.21,6.5872536,4,0
97.32556813,5.168246692,0.146718,24.21,6.5872536,4,0
97.32766018,5.168246692,0.193508,24.21,6.5872536,4,0
97.32975224,5.168246692,0.247182,24.49,6.5872536,4,0
97.33184429,5.168246692,0.277698,24.49,6.5872536,5,0
97.33393635,5.168246692,0.289102,24.49,6.5872536,5,0
97.3360284,5.168246692,0.296472,24.49,6.5872536,5,0
97.33812046,5.168246692,0.30537,25.01,6.5872536,5,1
97.34021252,5.168246692,0.308856,25.01,6.5872536,5,1
97.34230457,5.168246692,0.340004,25.01,6.5872536,5,1
97.34439663,5.168246692,0.360502,25.01,6.5872536,5,1
97.34648868,5.168246692,0.340024,25.29,6.5872536,5,1
97.34858074,5.168246692,0.337244,25.29,6.5872536,5,1
97.35067279,5.168246692,0.315558,25.29,6.5872536,5,1
97.35276485,5.168246692,0.283358,25.29,6.5872536,4,1
97.35485691,5.168246692,0.27419,25.29,6.5872536,4,1
97.35694896,5.168246692,0.290696,25.29,6.5872536,5,1
97.35904102,5.168246692,0.27043,25.29,6.5872536,4,1
97.36113307,5.168246692,0.255756,25.29,6.5872536,4,0
97.36322513,5.168246692,0.242444,25.29,6.5872536,4,0
97.36531718,5.168246692,0.25256,25.29,6.5872536,4,0
97.36740924,5.168246692,0.275854,25.29,6.5872536,4,1
97.3695013,5.168246692,0.323422,25.29,6.5872536,5,1
97.37159335,5.168246692,0.364424,25.61,6.5872536,5,1
97.37368541,5.168246692,0.384276,25.61,6.5872536,5,1
97.37577746,5.168246692,0.408304,25.61,6.5872536,5,1
97.37786952,5.168246692,0.417684,25.61,6.5872536,5,1
97.37996157,5.168246692,0.406506,25.97,6.5872536,5,1
97.38205363,5.168246692,0.38852,25.97,6.5872536,5,1
97.38414569,5.168246692,0.37392,25.97,6.5872536,5,1
97.38623774,5.168246692,0.359456,25.97,6.5872536,5,1
97.3883298,5.168246692,0.34441,26.03,6.5872536,5,1
97.39042185,5.168246692,0.337814,26.03,6.5872536,5,1
97.39251391,5.168246692,0.358158,26.03,6.5872536,5,1
97.39460596,5.168246692,0.361146,26.03,6.5872536,5,1
97.39669802,5.168246692,0.368412,26.01,6.5872536,5,1
97.39879008,5.168246692,0.376704,26.01,6.5872536,5,1
97.40088213,5.168246692,0.393298,26.01,7.083216,5,1
97.40297419,5.168246692,0.382836,26.01,7.083216,5,1
97.40506624,5.168246692,0.371968,25.95,7.083216,5,1
97.4071583,5.168246692,0.340654,25.95,7.083216,5,1
97.40925035,5.168246692,0.308814,25.95,7.083216,4,1
97.41134241,5.168246692,0.284452,25.95,7.083216,4,1
97.41343446,5.168246692,0.296904,25.95,7.083216,4,1
97.41552652,5.168246692,0.288968,25.95,7.083216,4,1
97.41761858,5.168246692,0.287982,25.95,7.083216,4,1
97.41971063,5.168246692,0.33799,25.95,7.083216,5,1
97.2875912,5.166163142,0.255166,22.57,6.3384004,5,0
97.28968325,5.166163142,0.324656,22.57,6.3384004,5,0
97.29177529,5.166163142,0.322072,22.57,6.3384004,5,0
97.29386734,5.166163142,0.280796,22.57,6.3384004,5,0
97.31269578,5.166163142,0.300956,24.03,6.5872536,5,0
97.31478783,5.166163142,0.35962,24.03,6.5872536,5,0
97.31687988,5.166163142,0.37292,24.03,6.5872536,5,0
97.31897193,5.166163142,0.358804,24.03,6.5872536,5,0
97.32106398,5.166163142,0.358998,24.21,6.5872536,5,0
97.32315603,5.166163142,0.347528,24.21,6.5872536,5,0
97.32524807,5.166163142,0.34679,24.21,6.5872536,5,0
97.32734012,5.166163142,0.346982,24.21,6.5872536,5,0
97.32943217,5.166163142,0.344372,24.49,6.5872536,5,0
97.33152422,5.166163142,0.348658,24.49,6.5872536,5,0
97.33361627,5.166163142,0.361112,24.49,6.5872536,5,1
97.33570832,5.166163142,0.351462,24.49,6.5872536,5,0
97.33780037,5.166163142,0.348784,25.01,6.5872536,5,1
97.33989242,5.166163142,0.345854,25.01,6.5872536,5,1
97.34198446,5.166163142,0.388046,25.01,6.5872536,5,1
97.34407651,5.166163142,0.410026,25.01,6.5872536,5,1
97.34616856,5.166163142,0.414376,25.29,6.5872536,5,1
97.34826061,5.166163142,0.405762,25.29,6.5872536,5,1
97.35035266,5.166163142,0.404938,25.29,6.5872536,5,1
97.35244471,5.166163142,0.39786,25.29,6.5872536,5,1
97.35453676,5.166163142,0.342666,25.29,6.5872536,5,1
97.35662881,5.166163142,0.31083,25.29,6.5872536,5,1
97.35872086,5.166163142,0.332904,25.29,6.5872536,5,1
97.3608129,5.166163142,0.361854,25.29,6.5872536,5,1
97.36290495,5.166163142,0.35251,25.29,6.5872536,5,1
97.364997,5.166163142,0.32237,25.29,6.5872536,5,1
97.36708905,5.166163142,0.362864,25.29,6.5872536,5,1
97.3691811,5.166163142,0.398976,25.29,6.5872536,5,1
97.37127315,5.166163142,0.393588,25.61,6.5872536,5,1
97.3733652,5.166163142,0.375576,25.61,6.5872536,5,1
97.37545725,5.166163142,0.362,25.61,6.5872536,5,1
97.37754929,5.166163142,0.365422,25.61,6.5872536,5,1
97.37964134,5.166163142,0.392808,25.97,6.5872536,5,1
97.38173339,5.166163142,0.403196,25.97,6.5872536,5,1
97.38382544,5.166163142,0.40396,25.97,6.5872536,5,1
97.38591749,5.166163142,0.4146,25.97,6.5872536,5,1
97.38800954,5.166163142,0.424584,26.03,6.5872536,5,1
97.39010159,5.166163142,0.401522,26.03,6.5872536,5,1
97.39219364,5.166163142,0.39341,26.03,6.5872536,5,1
97.39428568,5.166163142,0.404142,26.03,6.5872536,5,1
97.39637773,5.166163142,0.412186,26.01,6.5872536,5,1
97.39846978,5.166163142,0.404692,26.01,6.5872536,5,1
97.40056183,5.166163142,0.406816,26.01,7.083216,5,1
97.40265388,5.166163142,0.381896,26.01,7.083216,5,1
97.40474593,5.166163142,0.378742,25.95,7.083216,5,1
97.40683798,5.166163142,0.330536,25.95,7.083216,5,1
97.40893003,5.166163142,0.310832,25.95,7.083216,4,1
97.41102208,5.166163142,0.282308,25.95,7.083216,4,1
97.41311412,5.166163142,0.271056,25.95,7.083216,4,1
97.41520617,5.166163142,0.27375,25.95,7.083216,4,1
97.41729822,5.166163142,0.270704,25.95,7.083216,4,1
97.41939027,5.166163142,0.324508,25.95,7.083216,5,1
97.2872714,5.164079591,0.290386,22.57,6.3384004,5,0
97.28936344,5.164079591,0.282406,22.57,6.3384004,5,0
97.29145548,5.164079591,0.27441,22.57,6.3384004,5,0
97.29354752,5.164079591,0.262706,22.57,6.3384004,5,0
97.3123759,5.164079591,0.302978,24.03,6.5872536,5,0
97.31446794,5.164079591,0.364092,24.03,6.5872536,5,0
97.31655999,5.164079591,0.385868,24.03,6.5872536,5,0
97.31865203,5.164079591,0.374442,24.03,6.5872536,5,0
97.32074407,5.164079591,0.352692,24.21,6.5872536,5,0
97.32283611,5.164079591,0.367776,24.21,6.5872536,5,0
97.32492815,5.164079591,0.341744,24.21,6.5872536,5,0
97.3270202,5.164079591,0.358522,24.21,6.5872536,5,0
97.32911224,5.164079591,0.369324,24.49,6.5872536,5,1
97.33120428,5.164079591,0.367618,24.49,6.5872536,5,1
97.33329632,5.164079591,0.368348,24.49,6.5872536,5,1
97.33538836,5.164079591,0.352872,24.49,6.5872536,5,0
97.33748041,5.164079591,0.324422,25.01,6.5872536,5,1
97.33957245,5.164079591,0.311086,25.01,6.5872536,5,1
97.34166449,5.164079591,0.3132,25.01,6.5872536,5,1
97.34375653,5.164079591,0.33038,25.01,6.5872536,5,1
97.34584857,5.164079591,0.337736,25.29,6.5872536,5,1
97.34794061,5.164079591,0.357892,25.29,6.5872536,5,1
97.35003266,5.164079591,0.404074,25.29,6.5872536,5,1
97.3521247,5.164079591,0.424318,25.29,6.5872536,5,1
97.35421674,5.164079591,0.394836,25.29,6.5872536,5,1
97.35630878,5.164079591,0.360726,25.29,6.5872536,5,1
97.35840082,5.164079591,0.352198,25.29,6.5872536,5,1
97.36049287,5.164079591,0.390394,25.29,6.5872536,5,1
97.36258491,5.164079591,0.385422,25.29,6.5872536,5,1
97.36467695,5.164079591,0.35183,25.29,6.5872536,5,1
97.36676899,5.164079591,0.358982,25.29,6.5872536,5,1
97.36886103,5.164079591,0.391334,25.29,6.5872536,5,1
97.37095308,5.164079591,0.403802,25.61,6.5872536,5,1
97.37304512,5.164079591,0.40617,25.61,6.5872536,5,1
97.37513716,5.164079591,0.404022,25.61,6.5872536,5,1
97.3772292,5.164079591,0.406514,25.61,6.5872536,5,1
97.37932124,5.164079591,0.430962,25.97,6.5872536,5,1
97.38141329,5.164079591,0.441188,25.97,6.5872536,5,1
97.38350533,5.164079591,0.445026,25.97,6.5872536,5,1
97.38559737,5.164079591,0.43969,25.97,6.5872536,5,1
97.38768941,5.164079591,0.434586,26.03,6.5872536,5,1
97.38978145,5.164079591,0.437922,26.03,6.5872536,5,1
97.3918735,5.164079591,0.391858,26.03,6.5872536,5,1
97.39396554,5.164079591,0.3647,26.03,6.5872536,5,1
97.39605758,5.164079591,0.344,26.01,6.5872536,5,1
97.39814962,5.164079591,0.315752,26.01,6.5872536,5,1
97.40024166,5.164079591,0.318762,26.01,7.083216,5,1
97.4023337,5.164079591,0.318222,26.01,7.083216,5,1
97.40442575,5.164079591,0.331584,25.95,7.083216,5,1
97.40651779,5.164079591,0.310622,25.95,7.083216,4,1
97.40860983,5.164079591,0.294926,25.95,7.083216,4,1
97.41070187,5.164079591,0.270642,25.95,7.083216,4,1
97.41279391,5.164079591,0.254712,25.95,7.083216,4,1
97.41488596,5.164079591,0.264524,25.95,7.083216,4,1
97.416978,5.164079591,0.263816,25.95,7.083216,4,1
97.41907004,5.164079591,0.279196,25.95,7.083216,4,1
97.28695173,5.161996041,0.263712,22.57,6.3384004,5,0
97.28904377,5.161996041,0.26326,22.57,6.3384004,5,0
97.2911358,5.161996041,0.25314,22.57,6.3384004,5,0
97.29322784,5.161996041,0.259842,22.57,6.3384004,5,0
97.31205615,5.161996041,0.359158,24.03,6.5872536,5,0
97.31414819,5.161996041,0.396592,24.03,6.5872536,5,0
97.31624022,5.161996041,0.382914,24.03,6.5872536,5,0
97.31833226,5.161996041,0.330296,24.03,6.5872536,5,0
97.32042429,5.161996041,0.309912,24.21,6.5872536,5,0
97.32251633,5.161996041,0.306304,24.21,6.5872536,5,0
97.32460836,5.161996041,0.343294,24.21,6.5872536,5,0
97.3267004,5.161996041,0.36749,24.21,6.5872536,5,0
97.32879243,5.161996041,0.380262,24.49,6.5872536,5,1
97.33088447,5.161996041,0.364278,24.49,6.5872536,5,1
97.3329765,5.161996041,0.358364,24.49,6.5872536,5,1
97.33506854,5.161996041,0.341184,24.49,6.5872536,5,0
97.33716057,5.161996041,0.333382,25.01,6.5872536,5,1
97.33925261,5.161996041,0.34052,25.01,6.5872536,5,1
97.34134464,5.161996041,0.324528,25.01,6.5872536,5,1
97.34343668,5.161996041,0.32684,25.01,6.5872536,5,1
97.34552871,5.161996041,0.357452,25.29,6.5872536,5,1
97.34762075,5.161996041,0.338828,25.29,6.5872536,5,1
97.34971278,5.161996041,0.345086,25.29,6.5872536,5,1
97.35180482,5.161996041,0.363722,25.29,6.5872536,5,1
97.35389685,5.161996041,0.373326,25.29,6.5872536,5,1
97.35598889,5.161996041,0.383274,25.29,6.5872536,5,1
97.35808092,5.161996041,0.389656,25.29,6.5872536,5,1
97.36017296,5.161996041,0.364814,25.29,6.5872536,5,1
97.36226499,5.161996041,0.314984,25.29,6.5872536,5,1
97.36435703,5.161996041,0.263274,25.29,6.5872536,4,1
97.36644906,5.161996041,0.276996,25.29,6.5872536,4,1
97.3685411,5.161996041,0.330364,25.29,6.5872536,5,1
97.37063313,5.161996041,0.362294,25.61,6.5872536,5,1
97.37272517,5.161996041,0.365128,25.61,6.5872536,5,1
97.3748172,5.161996041,0.364102,25.61,6.5872536,5,1
97.37690924,5.161996041,0.381942,25.61,6.5872536,5,1
97.37900127,5.161996041,0.410244,25.97,6.5872536,5,1
97.38109331,5.161996041,0.388614,25.97,6.5872536,5,1
97.38318534,5.161996041,0.355246,25.97,6.5872536,5,1
97.38527738,5.161996041,0.32435,25.97,6.5872536,5,1
97.38736941,5.161996041,0.335406,26.03,6.5872536,5,1
97.38946145,5.161996041,0.316044,26.03,6.5872536,5,1
97.39155348,5.161996041,0.303114,26.03,6.5872536,4,1
97.39364552,5.161996041,0.28957,26.03,6.5872536,4,1
97.39573755,5.161996041,0.277804,26.01,6.5872536,4,1
97.39782959,5.161996041,0.277182,26.01,6.5872536,4,1
97.39992162,5.161996041,0.27783,26.01,6.5872536,4,1
97.40201366,5.161996041,0.286876,26.01,7.083216,4,1
97.4041057,5.161996041,0.298668,25.95,7.083216,4,1
97.40619773,5.161996041,0.273874,25.95,7.083216,4,1
97.40828977,5.161996041,0.270594,25.95,7.083216,4,1
97.4103818,5.161996041,0.26112,25.95,7.083216,4,1
97.41247384,5.161996041,0.250094,25.95,7.083216,4,1
97.41456587,5.161996041,0.259064,25.95,7.083216,4,1
97.41665791,5.161996041,0.275114,25.95,7.083216,4,1
97.41874994,5.161996041,0.273988,25.95,7.083216,4,1
97.2866322,5.15991249,0.240942,22.57,6.3384004,5,0
97.28872422,5.15991249,0.238944,22.57,6.3384004,5,0
97.29081625,5.15991249,0.25058,22.57,6.3384004,5,0
97.29290828,5.15991249,0.259424,22.57,6.3384004,5,0
97.31173653,5.15991249,0.344786,23.11,6.5872536,5,0
97.31382856,5.15991249,0.322206,23.11,6.5872536,5,0
97.31592059,5.15991249,0.272592,23.11,6.5872536,5,0
97.31801262,5.15991249,0.236182,23.11,6.5872536,4,0
97.32010465,5.15991249,0.271498,23.11,6.5872536,5,0
97.32219668,5.15991249,0.327356,23.11,6.5872536,5,0
97.3242887,5.15991249,0.359248,23.11,6.5872536,5,0
97.32638073,5.15991249,0.37345,23.11,6.5872536,5,0
97.34520899,5.15991249,0.41703,25.57,6.5872536,5,1
97.34730101,5.15991249,0.402576,25.57,6.5872536,5,1
97.34939304,5.15991249,0.355452,25.57,6.5872536,5,1
97.35148507,5.15991249,0.32786,25.57,6.5872536,5,1
97.3535771,5.15991249,0.338342,25.53,6.5872536,5,1
97.35566913,5.15991249,0.364088,25.53,6.5872536,5,1
97.35776115,5.15991249,0.384384,25.53,6.5872536,5,1
97.35985318,5.15991249,0.343628,25.53,6.5872536,5,1
97.36194521,5.15991249,0.288838,25.47,6.5872536,4,1
97.36403724,5.15991249,0.249398,25.47,6.5872536,4,1
97.36612927,5.15991249,0.235446,25.47,6.5872536,4,0
97.3682213,5.15991249,0.254668,25.47,6.5872536,4,1
97.37031332,5.15991249,0.276024,25.75,6.5872536,4,1
97.37240535,5.15991249,0.30657,25.75,6.5872536,5,1
97.37449738,5.15991249,0.31843,25.75,6.5872536,5,1
97.37658941,5.15991249,0.337032,25.75,6.5872536,5,1
97.37868144,5.15991249,0.338222,26.09,6.5872536,5,1
97.38077346,5.15991249,0.313414,26.09,6.5872536,5,1
97.38286549,5.15991249,0.280326,26.09,6.5872536,4,1
97.38495752,5.15991249,0.278956,26.09,6.5872536,4,1
97.38704955,5.15991249,0.3046,26.15,6.5872536,4,1
97.38914158,5.15991249,0.301574,26.15,6.5872536,4,1
97.39123361,5.15991249,0.286054,26.15,6.5872536,4,1
97.39332563,5.15991249,0.278822,26.15,6.5872536,4,1
97.39541766,5.15991249,0.2807,26.11,6.5872536,4,1
97.39750969,5.15991249,0.281838,26.11,6.5872536,4,1
97.39960172,5.15991249,0.271252,26.11,6.5872536,4,1
97.40169375,5.15991249,0.275152,26.11,7.083216,4,1
97.40378577,5.15991249,0.293182,26.09,7.083216,4,1
97.4058778,5.15991249,0.285998,26.09,7.083216,4,1
97.40796983,5.15991249,0.285568,26.09,7.083216,4,1
97.41006186,5.15991249,0.27879,26.09,7.083216,4,1
97.41215389,5.15991249,0.273814,26.01,7.083216,4,1
97.41424592,5.15991249,0.270272,26.01,7.083216,4,1
97.41633794,5.15991249,0.278254,26.01,7.083216,4,1
97.41842997,5.15991249,0.263334,26.01,7.083216,4,1
97.28631279,5.15782894,0.22924,22.57,6.3384004,5,0
97.28840481,5.15782894,0.231122,22.57,6.3384004,5,0
97.29049683,5.15782894,0.23709,22.57,6.3384004,5,0
97.29258886,5.15782894,0.264432,22.57,6.3384004,5,0
97.31141705,5.15782894,0.209766,23.11,6.5872536,4,0
97.31350907,5.15782894,0.189802,23.11,6.5872536,4,0
97.31560109,5.15782894,0.184186,23.11,6.5872536,4,0
97.31769311,5.15782894,0.221062,23.11,6.5872536,4,0
97.31978513,5.15782894,0.306196,23.11,6.5872536,5,0
97.32187715,5.15782894,0.345946,23.11,6.5872536,5,0
97.32396918,5.15782894,0.360566,23.11,6.5872536,5,0
97.3260612,5.15782894,0.356694,23.11,6.5872536,5,0
97.34488939,5.15782894,0.460696,25.57,6.5872536,5,1
97.34698141,5.15782894,0.403396,25.57,6.5872536,5,1
97.34907343,5.15782894,0.354458,25.57,6.5872536,5,1
97.35116545,5.15782894,0.321192,25.57,6.5872536,5,1
97.35325747,5.15782894,0.327238,25.53,6.5872536,5,1
97.35534949,5.15782894,0.340478,25.53,6.5872536,5,1
97.35744152,5.15782894,0.36291,25.53,6.5872536,5,1
97.35953354,5.15782894,0.32359,25.53,6.5872536,5,1
97.36162556,5.15782894,0.277304,25.47,6.5872536,4,1
97.36371758,5.15782894,0.25694,25.47,6.5872536,4,1
97.3658096,5.15782894,0.268286,25.47,6.5872536,4,1
97.36790162,5.15782894,0.271868,25.47,6.5872536,4,1
97.36999364,5.15782894,0.27311,25.75,6.5872536,4,1
97.37208567,5.15782894,0.294058,25.75,6.5872536,4,1
97.37417769,5.15782894,0.322808,25.75,6.5872536,5,1
97.37626971,5.15782894,0.356778,25.75,6.5872536,5,1
97.37836173,5.15782894,0.375058,26.09,6.5872536,5,1
97.38045375,5.15782894,0.347742,26.09,6.5872536,5,1
97.38254577,5.15782894,0.330998,26.09,6.5872536,5,1
97.38463779,5.15782894,0.317262,26.09,6.5872536,5,1
97.38672981,5.15782894,0.317046,26.15,6.5872536,5,1
97.38882184,5.15782894,0.328122,26.15,6.5872536,5,1
97.39091386,5.15782894,0.311616,26.15,6.5872536,5,1
97.39300588,5.15782894,0.302798,26.15,6.5872536,4,1
97.3950979,5.15782894,0.305046,26.11,6.5872536,4,1
97.39718992,5.15782894,0.294798,26.11,6.5872536,4,1
97.39928194,5.15782894,0.306238,26.11,6.5872536,4,1
97.40137396,5.15782894,0.305678,26.11,7.083216,4,1
97.40346598,5.15782894,0.309606,26.09,7.083216,4,1
97.40555801,5.15782894,0.314144,26.09,7.083216,4,1
97.40765003,5.15782894,0.291728,26.09,7.083216,4,1
97.40974205,5.15782894,0.291058,26.09,7.083216,4,1
97.41183407,5.15782894,0.304218,26.01,7.083216,4,1
97.41392609,5.15782894,0.295902,26.01,7.083216,4,1
97.41601811,5.15782894,0.286324,26.01,7.083216,4,1
97.41811013,5.15782894,0.272906,26.01,7.083216,4,1
97.28599352,5.15574539,0.24091,22.57,6.3384004,5,0
97.28808553,5.15574539,0.25456,22.57,6.3384004,5,0
97.29017755,5.15574539,0.303414,22.57,6.3384004,5,0
97.29226956,5.15574539,0.321262,22.57,6.3384004,5,0
97.31109769,5.15574539,0.11756,23.11,6.5872536,4,0
97.31318971,5.15574539,0.116916,23.11,6.5872536,4,0
97.31528172,5.15574539,0.165416,23.11,6.5872536,4,0
97.31737373,5.15574539,0.265042,23.11,6.5872536,5,0
97.31946575,5.15574539,0.325932,23.11,6.5872536,5,0
97.32155776,5.15574539,0.31041,23.11,6.5872536,5,0
97.32364978,5.15574539,0.28502,23.11,6.5872536,5,0
97.32574179,5.15574539,0.227214,23.11,6.5872536,4,0
97.34456992,5.15574539,0.355908,25.57,6.5872536,5,1
97.34666194,5.15574539,0.318644,25.57,6.5872536,5,1
97.34875395,5.15574539,0.340806,25.57,6.5872536,5,1
97.35084597,5.15574539,0.382424,25.57,6.5872536,5,1
97.35293798,5.15574539,0.411408,25.53,6.5872536,5,1
97.35502999,5.15574539,0.372922,25.53,6.5872536,5,1
97.35712201,5.15574539,0.357354,25.53,6.5872536,5,1
97.35921402,5.15574539,0.346662,25.53,6.5872536,5,1
97.36130604,5.15574539,0.305446,25.47,6.5872536,5,1
97.36339805,5.15574539,0.269322,25.47,6.5872536,4,1
97.36549007,5.15574539,0.304738,25.47,6.5872536,5,1
97.36758208,5.15574539,0.378814,25.47,6.5872536,5,1
97.3696741,5.15574539,0.413768,25.75,6.5872536,5,1
97.37176611,5.15574539,0.413506,25.75,6.5872536,5,1
97.37385812,5.15574539,0.413178,25.75,6.5872536,5,1
97.37595014,5.15574539,0.442212,25.75,6.5872536,5,1
97.37804215,5.15574539,0.438484,26.09,6.5872536,5,1
97.38013417,5.15574539,0.405434,26.09,6.5872536,5,1
97.38222618,5.15574539,0.389256,26.09,6.5872536,5,1
97.3843182,5.15574539,0.364202,26.09,6.5872536,5,1
97.38641021,5.15574539,0.363114,26.15,6.5872536,5,1
97.38850223,5.15574539,0.394382,26.15,6.5872536,5,1
97.39059424,5.15574539,0.384466,26.15,6.5872536,5,1
97.39268625,5.15574539,0.378744,26.15,6.5872536,5,1
97.39477827,5.15574539,0.347918,26.11,6.5872536,5,1
97.39687028,5.15574539,0.315452,26.11,6.5872536,5,1
97.3989623,5.15574539,0.313696,26.11,6.5872536,5,1
97.40105431,5.15574539,0.305054,26.11,7.083216,4,1
97.40314633,5.15574539,0.309042,26.09,7.083216,4,1
97.40523834,5.15574539,0.312716,26.09,7.083216,4,1
97.40733036,5.15574539,0.307588,26.09,7.083216,4,1
97.40942237,5.15574539,0.301644,26.09,7.083216,4,1
97.41151438,5.15574539,0.300158,26.01,7.083216,4,1
97.4136064,5.15574539,0.3024,26.01,7.083216,4,1
97.41569841,5.15574539,0.297706,26.01,7.083216,4,1
97.41779043,5.15574539,0.282822,26.01,7.083216,4,1
97.28567437,5.153661839,0.302646,22.57,6.3384004,5,0
97.28776638,5.153661839,0.343088,22.57,6.3384004,5,0
97.28985839,5.153661839,0.377932,22.57,6.3384004,5,0
97.2919504,5.153661839,0.332372,22.57,6.3384004,5,0
97.31077847,5.153661839,0.087818,23.11,6.5872536,4,0
97.31287047,5.153661839,0.125092,23.11,6.5872536,4,0
97.31496248,5.153661839,0.187828,23.11,6.5872536,4,0
97.31705449,5.153661839,0.229116,23.11,6.5872536,4,0
97.3191465,5.153661839,0.196522,23.11,6.5872536,4,0
97.3212385,5.153661839,0.149028,23.11,6.5872536,4,0
97.32333051,5.153661839,0.146616,23.11,6.5872536,4,0
97.32542252,5.153661839,0.133836,23.11,6.5872536,4,0
97.34425059,5.153661839,0.273172,25.57,6.5872536,4,1
97.34634259,5.153661839,0.397136,25.57,6.5872536,5,1
97.3484346,5.153661839,0.43567,25.57,6.5872536,5,1
97.35052661,5.153661839,0.4409,25.57,6.5872536,5,1
97.35261862,5.153661839,0.471546,25.53,6.5872536,5,1
97.35471062,5.153661839,0.464494,25.53,6.5872536,5,1
97.35680263,5.153661839,0.394852,25.53,6.5872536,5,1
97.35889464,5.153661839,0.378816,25.53,6.5872536,5,1
97.36098665,5.153661839,0.37893,25.47,6.5872536,5,1
97.36307865,5.153661839,0.372004,25.47,6.5872536,5,1
97.36517066,5.153661839,0.390682,25.47,6.5872536,5,1
97.36726267,5.153661839,0.43372,25.47,6.5872536,5,1
97.36935468,5.153661839,0.484156,25.75,6.5872536,5,1
97.37144668,5.153661839,0.455796,25.75,6.5872536,5,1
97.37353869,5.153661839,0.424106,25.75,6.5872536,5,1
97.3756307,5.153661839,0.458254,25.75,6.5872536,5,1
97.37772271,5.153661839,0.472838,26.09,6.5872536,5,1
97.37981472,5.153661839,0.449528,26.09,6.5872536,5,1
97.38190672,5.153661839,0.43962,26.09,6.5872536,5,1
97.38399873,5.153661839,0.417908,26.09,6.5872536,5,1
97.38609074,5.153661839,0.419114,26.15,6.5872536,5,1
97.38818275,5.153661839,0.450628,26.15,6.5872536,5,1
97.39027475,5.153661839,0.491484,26.15,6.5872536,5,1
97.39236676,5.153661839,0.465492,26.15,6.5872536,5,1
97.39445877,5.153661839,0.406066,26.11,6.5872536,5,1
97.39655078,5.153661839,0.336004,26.11,6.5872536,5,1
97.39864278,5.153661839,0.316818,26.11,6.5872536,5,1
97.40073479,5.153661839,0.320762,26.11,7.083216,5,1
97.4028268,5.153661839,0.31193,26.09,7.083216,4,1
97.40491881,5.153661839,0.315056,26.09,7.083216,5,1
97.40701081,5.153661839,0.314392,26.09,7.083216,4,1
97.40910282,5.153661839,0.295554,26.09,7.083216,4,1
97.41119483,5.153661839,0.297374,26.01,7.083216,4,1
97.41328684,5.153661839,0.30357,26.01,7.083216,4,1
97.41537884,5.153661839,0.302764,26.01,7.083216,4,1
97.41747085,5.153661839,0.296348,26.01,7.083216,4,1
97.31045937,5.151578289,0.10337,22.95,6.5872536,4,0
97.31255137,5.151578289,0.101462,22.95,6.5872536,4,0
97.31464337,5.151578289,0.111396,22.95,6.5872536,4,0
97.31673537,5.151578289,0.11775,22.95,6.5872536,4,0
97.31882737,5.151578289,0.13124,22.97,6.5872536,4,0
97.32091937,5.151578289,0.118268,22.97,6.5872536,4,0
97.32301137,5.151578289,0.122496,22.97,6.5872536,4,0
97.32510338,5.151578289,0.136224,22.97,6.5872536,4,0
97.35229938,5.151578289,0.435146,25.71,6.5872536,5,1
97.35439139,5.151578289,0.46264,25.71,6.5872536,5,1
97.35648339,5.151578289,0.44287,25.71,6.5872536,5,1
97.35857539,5.151578289,0.406478,25.71,6.5872536,5,1
97.36066739,5.151578289,0.416452,25.71,6.5872536,5,1
97.36275939,5.151578289,0.461072,25.71,6.5872536,5,1
97.36485139,5.151578289,0.493048,25.71,6.5872536,5,1
97.36694339,5.151578289,0.505228,25.71,6.5872536,5,1
97.36903539,5.151578289,0.485308,25.93,6.5872536,5,1
97.37112739,5.151578289,0.43442,25.93,6.5872536,5,1
97.37321939,5.151578289,0.394742,25.93,6.5872536,5,1
97.37531139,5.151578289,0.41556,25.93,6.5872536,5,1
97.37740339,5.151578289,0.440352,26.23,6.5872536,5,1
97.37949539,5.151578289,0.440554,26.23,6.5872536,5,1
97.38158739,5.151578289,0.459046,26.23,6.5872536,5,1
97.3836794,5.151578289,0.457238,26.23,6.5872536,5,1
97.3857714,5.151578289,0.427876,26.35,6.5872536,5,1
97.3878634,5.151578289,0.431182,26.35,6.5872536,5,1
97.3899554,5.151578289,0.469482,26.35,6.5872536,5,1
97.3920474,5.151578289,0.4405,26.35,6.5872536,5,1
97.3941394,5.151578289,0.391012,26.35,6.5872536,5,1
97.3962314,5.151578289,0.331478,26.35,6.5872536,5,1
97.3983234,5.151578289,0.317236,26.35,6.5872536,5,1
97.4004154,5.151578289,0.322792,26.35,7.083216,5,1
97.4025074,5.151578289,0.314562,26.33,7.083216,4,1
97.4045994,5.151578289,0.30959,26.33,7.083216,4,1
97.4066914,5.151578289,0.300734,26.33,7.083216,4,1
97.4087834,5.151578289,0.294516,26.33,7.083216,4,1
97.4108754,5.151578289,0.298066,26.39,7.083216,4,1
97.41296741,5.151578289,0.303642,26.39,7.083216,4,1
97.41505941,5.151578289,0.30611,26.39,7.083216,4,1
97.41715141,5.151578289,0.300376,26.39,7.083216,4,1
97.31014041,5.149494739,0.106428,22.95,6.5872536,4,0
97.3122324,5.149494739,0.09593,22.95,6.5872536,4,0
97.31432439,5.149494739,0.082306,22.95,6.5872536,4,0
97.31641639,5.149494739,0.08562,22.95,6.5872536,4,0
97.31850838,5.149494739,0.131494,22.97,6.5872536,4,0
97.32060037,5.149494739,0.179646,22.97,6.5872536,4,0
97.32269237,5.149494739,0.156364,22.97,6.5872536,4,0
97.32478436,5.149494739,0.140284,22.97,6.5872536,4,0
97.35198028,5.149494739,0.371118,25.71,6.5872536,5,1
97.35407228,5.149494739,0.39651,25.71,6.5872536,5,1
97.35616427,5.149494739,0.42796,25.71,6.5872536,5,1
97.35825626,5.149494739,0.455922,25.71,6.5872536,5,1
97.36034826,5.149494739,0.485246,25.71,6.5872536,5,1
97.36244025,5.149494739,0.513718,25.71,6.5872536,5,1
97.36453225,5.149494739,0.531844,25.71,6.5872536,5,1
97.36662424,5.149494739,0.511208,25.71,6.5872536,5,1
97.36871623,5.149494739,0.462436,25.93,6.5872536,5,1
97.37080823,5.149494739,0.424752,25.93,6.5872536,5,1
97.37290022,5.149494739,0.43738,25.93,6.5872536,5,1
97.37499222,5.149494739,0.472132,25.93,6.5872536,5,1
97.37708421,5.149494739,0.484486,26.23,6.5872536,5,1
97.3791762,5.149494739,0.454326,26.23,6.5872536,5,1
97.3812682,5.149494739,0.453494,26.23,6.5872536,5,1
97.38336019,5.149494739,0.440842,26.23,6.5872536,5,1
97.38545218,5.149494739,0.420218,26.35,6.5872536,5,1
97.38754418,5.149494739,0.43398,26.35,6.5872536,5,1
97.38963617,5.149494739,0.433034,26.35,6.5872536,5,1
97.39172817,5.149494739,0.398888,26.35,6.5872536,5,1
97.39382016,5.149494739,0.330996,26.35,6.5872536,5,1
97.39591215,5.149494739,0.315454,26.35,6.5872536,5,1
97.39800415,5.149494739,0.31901,26.35,6.5872536,5,1
97.40009614,5.149494739,0.32306,26.35,7.083216,5,1
97.40218814,5.149494739,0.31754,26.33,7.083216,4,1
97.40428013,5.149494739,0.304836,26.33,7.083216,4,1
97.40637212,5.149494739,0.299766,26.33,7.083216,4,1
97.40846412,5.149494739,0.294076,26.33,7.083216,4,1
97.41055611,5.149494739,0.301246,26.39,7.083216,4,1
97.4126481,5.149494739,0.317322,26.39,7.083216,4,1
97.4147401,5.149494739,0.312946,26.39,7.083216,4,1
97.41683209,5.149494739,0.307902,26.39,7.083216,4,1
97.30982157,5.147411188,0.100674,22.95,6.5872536,4,0
97.31191356,5.147411188,0.082118,22.95,6.5872536,4,0
97.31400555,5.147411188,0.079842,22.95,6.5872536,4,0
97.31609753,5.147411188,0.088032,22.95,6.5872536,4,0
97.31818952,5.147411188,0.107718,22.97,6.5872536,4,0
97.32028151,5.147411188,0.162808,22.97,6.5872536,4,0
97.32237349,5.147411188,0.171,22.97,6.5872536,4,0
97.32446548,5.147411188,0.141826,22.97,6.5872536,4,0
97.35166131,5.147411188,0.383178,25.71,6.5872536,5,1
97.3537533,5.147411188,0.396568,25.71,6.5872536,5,1
97.35584529,5.147411188,0.443312,25.71,6.5872536,5,1
97.35793727,5.147411188,0.475758,25.71,6.5872536,5,1
97.36002926,5.147411188,0.454514,25.71,6.5872536,5,1
97.36212125,5.147411188,0.490948,25.71,6.5872536,5,1
97.36421323,5.147411188,0.540582,25.71,6.5872536,5,1
97.36630522,5.147411188,0.529454,25.71,6.5872536,5,1
97.36839721,5.147411188,0.48787,25.93,6.5872536,5,1
97.3704892,5.147411188,0.466308,25.93,6.5872536,5,1
97.37258118,5.147411188,0.513632,25.93,6.5872536,5,1
97.37467317,5.147411188,0.5398,25.93,6.5872536,5,1
97.37676516,5.147411188,0.49293,26.23,6.5872536,5,1
97.37885714,5.147411188,0.446556,26.23,6.5872536,5,1
97.38094913,5.147411188,0.43132,26.23,6.5872536,5,1
97.38304112,5.147411188,0.415664,26.23,6.5872536,5,1
97.3851331,5.147411188,0.416858,26.35,6.5872536,5,1
97.38722509,5.147411188,0.425666,26.35,6.5872536,5,1
97.38931708,5.147411188,0.41845,26.35,6.5872536,5,1
97.39140907,5.147411188,0.389402,26.35,6.5872536,5,1
97.39350105,5.147411188,0.33432,26.35,6.5872536,5,1
97.39559304,5.147411188,0.318568,26.35,6.5872536,5,1
97.39768503,5.147411188,0.3217,26.35,6.5872536,5,1
97.39977701,5.147411188,0.321288,26.35,6.5872536,5,1
97.401869,5.147411188,0.318224,26.33,7.083216,4,1
97.40396099,5.147411188,0.335382,26.33,7.083216,5,1
97.40605297,5.147411188,0.33137,26.33,7.083216,5,1
97.40814496,5.147411188,0.338152,26.33,7.083216,5,1
97.41023695,5.147411188,0.355972,26.39,7.083216,5,1
97.41232894,5.147411188,0.349146,26.39,7.083216,5,1
97.41442092,5.147411188,0.354342,26.39,7.083216,5,1
97.41651291,5.147411188,0.347862,26.39,7.083216,5,1
97.30950287,5.145327638,0.095806,22.95,6.5872536,4,0
97.31159485,5.145327638,0.08022,22.95,6.5872536,4,0
97.31368683,5.145327638,0.114674,22.95,6.5872536,4,0
97.31577881,5.145327638,0.147762,22.95,6.5872536,4,0
97.31787079,5.145327638,0.136872,22.97,6.5872536,4,0
97.31996277,5.145327638,0.136232,22.97,6.5872536,4,0
97.32205475,5.145327638,0.1535,22.97,6.5872536,4,0
97.32414673,5.145327638,0.137076,22.97,6.5872536,4,0
97.35134247,5.145327638,0.358636,25.71,6.5872536,5,1
97.35343445,5.145327638,0.351128,25.71,6.5872536,5,1
97.35552643,5.145327638,0.40916,25.71,6.5872536,5,1
97.35761841,5.145327638,0.45813,25.71,6.5872536,5,1
97.35971039,5.145327638,0.458056,25.71,6.5872536,5,1
97.36180237,5.145327638,0.48264,25.71,6.5872536,5,1
97.36389435,5.145327638,0.539502,25.71,6.5872536,5,1
97.36598633,5.145327638,0.545478,25.71,6.5872536,5,1
97.36807831,5.145327638,0.54003,25.93,6.5872536,5,1
97.37017029,5.145327638,0.510322,25.93,6.5872536,5,1
97.37226227,5.145327638,0.52248,25.93,6.5872536,5,1
97.37435425,5.145327638,0.53097,25.93,6.5872536,5,1
97.37644623,5.145327638,0.486326,26.23,6.5872536,5,1
97.37853821,5.145327638,0.448136,26.23,6.5872536,5,1
97.38063019,5.145327638,0.432556,26.23,6.5872536,5,1
97.38272217,5.145327638,0.393492,26.23,6.5872536,5,1
97.38481415,5.145327638,0.369158,26.35,6.5872536,5,1
97.38690614,5.145327638,0.362704,26.35,6.5872536,5,1
97.38899812,5.145327638,0.353772,26.35,6.5872536,5,1
97.3910901,5.145327638,0.34493,26.35,6.5872536,5,1
97.39318208,5.145327638,0.33637,26.35,6.5872536,5,1
97.39527406,5.145327638,0.356068,26.35,6.5872536,5,1
97.39736604,5.145327638,0.37151,26.35,6.5872536,5,1
97.39945802,5.145327638,0.366452,26.35,6.5872536,5,1
97.40155,5.145327638,0.383898,26.33,7.083216,5,1
97.40364198,5.145327638,0.400718,26.33,7.083216,5,1
97.40573396,5.145327638,0.408442,26.33,7.083216,5,1
97.40782594,5.145327638,0.384756,26.33,7.083216,5,1
97.40991792,5.145327638,0.362074,26.39,7.083216,5,1
97.4120099,5.145327638,0.33317,26.39,7.083216,5,1
97.41410188,5.145327638,0.330358,26.39,7.083216,5,1
97.41619386,5.145327638,0.330258,26.39,7.083216,5,1
97.34265587,5.143244087,0.265294,24.63,6.5872536,4,0
97.34474784,5.143244087,0.28233,24.63,6.5872536,5,0
97.34683982,5.143244087,0.324728,24.63,6.5872536,5,0
97.34893179,5.143244087,0.36999,24.63,6.5872536,5,1
97.35102376,5.143244087,0.356916,24.69,6.5872536,5,1
97.35311574,5.143244087,0.363092,24.69,6.5872536,5,1
97.35520771,5.143244087,0.367494,24.69,6.5872536,5,1
97.35729968,5.143244087,0.389306,24.69,6.5872536,5,1
97.35939166,5.143244087,0.398946,24.81,6.5872536,5,1
97.36148363,5.143244087,0.435096,24.81,6.5872536,5,1
97.3635756,5.143244087,0.50553,24.81,6.5872536,5,1
97.36566758,5.143244087,0.530904,24.81,6.5872536,5,1
97.36775955,5.143244087,0.529594,25.45,6.5872536,5,1
97.36985152,5.143244087,0.516896,25.45,6.5872536,5,1
97.3719435,5.143244087,0.549656,25.45,6.5872536,5,1
97.37403547,5.143244087,0.542508,25.45,6.5872536,5,1
97.37612744,5.143244087,0.505324,26.11,6.5872536,5,1
97.37821942,5.143244087,0.486056,26.11,6.5872536,5,1
97.38031139,5.143244087,0.492924,26.11,6.5872536,5,1
97.38240336,5.143244087,0.452278,26.11,6.5872536,5,1
97.38449534,5.143244087,0.405764,26.33,6.5872536,5,1
97.38658731,5.143244087,0.38824,26.33,6.5872536,5,1
97.38867928,5.143244087,0.381592,26.33,6.5872536,5,1
97.39077126,5.143244087,0.403688,26.33,6.5872536,5,1
97.39286323,5.143244087,0.408294,26.33,6.5872536,5,1
97.3949552,5.143244087,0.41251,26.33,6.5872536,5,1
97.39704718,5.143244087,0.417714,26.33,6.5872536,5,1
97.39913915,5.143244087,0.408548,26.33,6.5872536,5,1
97.40123112,5.143244087,0.39973,26.33,7.083216,5,1
97.4033231,5.143244087,0.368936,26.33,7.083216,5,1
97.40541507,5.143244087,0.362866,26.33,7.083216,5,1
97.40750704,5.143244087,0.324082,26.33,7.083216,5,1
97.40959902,5.143244087,0.300558,26.37,7.083216,4,1
97.41169099,5.143244087,0.287158,26.37,7.083216,4,1
97.41378296,5.143244087,0.29883,26.37,7.083216,4,1
97.41587494,5.143244087,0.301668,26.37,7.083216,4,1
97.41796691,5.143244087,0.3104,26.39,7.083216,4,1
97.42005888,5.143244087,0.332006,26.39,7.083216,5,1
97.42215086,5.143244087,0.345996,26.39,7.083216,5,1
97.42424283,5.143244087,0.379568,26.39,7.083216,5,1
97.34233732,5.141160537,0.226472,24.63,6.5872536,4,0
97.34442929,5.141160537,0.27177,24.63,6.5872536,4,0
97.34652125,5.141160537,0.28956,24.63,6.5872536,5,0
97.34861322,5.141160537,0.321082,24.63,6.5872536,5,0
97.35070519,5.141160537,0.32969,24.69,6.5872536,5,0
97.35279715,5.141160537,0.335402,24.69,6.5872536,5,1
97.35488912,5.141160537,0.318686,24.69,6.5872536,5,0
97.35698108,5.141160537,0.298626,24.69,6.5872536,5,0
97.35907305,5.141160537,0.303684,24.81,6.5872536,5,0
97.36116502,5.141160537,0.364534,24.81,6.5872536,5,1
97.36325698,5.141160537,0.448448,24.81,6.5872536,5,1
97.36534895,5.141160537,0.504996,24.81,6.5872536,5,1
97.36744092,5.141160537,0.502458,25.45,6.5872536,5,1
97.36953288,5.141160537,0.494422,25.45,6.5872536,5,1
97.37162485,5.141160537,0.510694,25.45,6.5872536,5,1
97.37371682,5.141160537,0.532086,25.45,6.5872536,5,1
97.37580878,5.141160537,0.509678,26.11,6.5872536,5,1
97.37790075,5.141160537,0.47591,26.11,6.5872536,5,1
97.37999272,5.141160537,0.458118,26.11,6.5872536,5,1
97.38208468,5.141160537,0.466898,26.11,6.5872536,5,1
97.38417665,5.141160537,0.43245,26.33,6.5872536,5,1
97.38626862,5.141160537,0.4194,26.33,6.5872536,5,1
97.38836058,5.141160537,0.453944,26.33,6.5872536,5,1
97.39045255,5.141160537,0.481808,26.33,6.5872536,5,1
97.39254451,5.141160537,0.475772,26.33,6.5872536,5,1
97.39463648,5.141160537,0.432168,26.33,6.5872536,5,1
97.39672845,5.141160537,0.412234,26.33,6.5872536,5,1
97.39882041,5.141160537,0.374274,26.33,6.5872536,5,1
97.40091238,5.141160537,0.34587,26.33,7.083216,5,1
97.40300435,5.141160537,0.323702,26.33,7.083216,5,1
97.40509631,5.141160537,0.3101,26.33,7.083216,4,1
97.40718828,5.141160537,0.297832,26.33,7.083216,4,1
97.40928025,5.141160537,0.29192,26.37,7.083216,4,1
97.41137221,5.141160537,0.30234,26.37,7.083216,4,1
97.41346418,5.141160537,0.294262,26.37,7.083216,4,1
97.41555615,5.141160537,0.302902,26.37,7.083216,4,1
97.41764811,5.141160537,0.30424,26.39,7.083216,4,1
97.41974008,5.141160537,0.333522,26.39,7.083216,5,1
97.42183205,5.141160537,0.367576,26.39,7.083216,5,1
97.42392401,5.141160537,0.387294,26.39,7.083216,5,1
97.3420189,5.139076987,0.197256,24.63,6.5872536,4,0
97.34411086,5.139076987,0.211254,24.63,6.5872536,4,0
97.34620282,5.139076987,0.22339,24.63,6.5872536,4,0
97.34829478,5.139076987,0.247662,24.63,6.5872536,4,0
97.35038674,5.139076987,0.26227,24.69,6.5872536,4,0
97.3524787,5.139076987,0.286826,24.69,6.5872536,5,0
97.35457066,5.139076987,0.299504,24.69,6.5872536,5,0
97.35666262,5.139076987,0.251588,24.69,6.5872536,4,0
97.35875458,5.139076987,0.264014,24.81,6.5872536,4,0
97.36084654,5.139076987,0.353554,24.81,6.5872536,5,1
97.3629385,5.139076987,0.426124,24.81,6.5872536,5,1
97.36503046,5.139076987,0.475488,24.81,6.5872536,5,1
97.36712242,5.139076987,0.465298,25.45,6.5872536,5,1
97.36921437,5.139076987,0.461848,25.45,6.5872536,5,1
97.37130633,5.139076987,0.459702,25.45,6.5872536,5,1
97.37339829,5.139076987,0.471716,25.45,6.5872536,5,1
97.37549025,5.139076987,0.481886,26.11,6.5872536,5,1
97.37758221,5.139076987,0.43368,26.11,6.5872536,5,1
97.37967417,5.139076987,0.38746,26.11,6.5872536,5,1
97.38176613,5.139076987,0.394184,26.11,6.5872536,5,1
97.38385809,5.139076987,0.36997,26.33,6.5872536,5,1
97.38595005,5.139076987,0.337628,26.33,6.5872536,5,1
97.38804201,5.139076987,0.387582,26.33,6.5872536,5,1
97.39013397,5.139076987,0.439524,26.33,6.5872536,5,1
97.39222593,5.139076987,0.484168,26.33,6.5872536,5,1
97.39431789,5.139076987,0.457064,26.33,6.5872536,5,1
97.39640985,5.139076987,0.427162,26.33,6.5872536,5,1
97.39850181,5.139076987,0.352916,26.33,6.5872536,5,1
97.40059377,5.139076987,0.324918,26.33,7.083216,5,1
97.40268573,5.139076987,0.312356,26.33,7.083216,4,1
97.40477769,5.139076987,0.316282,26.33,7.083216,4,1
97.40686965,5.139076987,0.31417,26.33,7.083216,4,1
97.40896161,5.139076987,0.32054,26.37,7.083216,4,1
97.41105357,5.139076987,0.327742,26.37,7.083216,5,1
97.41314553,5.139076987,0.32392,26.37,7.083216,5,1
97.41523749,5.139076987,0.325154,26.37,7.083216,5,1
97.41732945,5.139076987,0.329414,26.39,7.083216,5,1
97.41942141,5.139076987,0.355872,26.39,7.083216,5,1
97.42151337,5.139076987,0.386274,26.39,7.083216,5,1
97.42360532,5.139076987,0.360878,26.39,7.083216,5,1
97.34170061,5.136993436,0.2478,24.63,6.5872536,4,0
97.34379256,5.136993436,0.270924,24.63,6.5872536,4,0
97.34588452,5.136993436,0.251758,24.63,6.5872536,4,0
97.34797647,5.136993436,0.217168,24.63,6.5872536,4,0
97.35006842,5.136993436,0.216914,24.69,6.5872536,4,0
97.35216037,5.136993436,0.27323,24.69,6.5872536,4,0
97.35425233,5.136993436,0.297556,24.69,6.5872536,5,0
97.35634428,5.136993436,0.23557,24.69,6.5872536,4,0
97.35843623,5.136993436,0.246808,24.81,6.5872536,4,0
97.36052819,5.136993436,0.344126,24.81,6.5872536,5,1
97.36262014,5.136993436,0.417062,24.81,6.5872536,5,1
97.36471209,5.136993436,0.4232,24.81,6.5872536,5,1
97.36680404,5.136993436,0.41677,25.45,6.5872536,5,1
97.368896,5.136993436,0.440756,25.45,6.5872536,5,1
97.37098795,5.136993436,0.442236,25.45,6.5872536,5,1
97.3730799,5.136993436,0.452538,25.45,6.5872536,5,1
97.37517185,5.136993436,0.473232,26.11,6.5872536,5,1
97.37726381,5.136993436,0.42809,26.11,6.5872536,5,1
97.37935576,5.136993436,0.37756,26.11,6.5872536,5,1
97.38144771,5.136993436,0.355534,26.11,6.5872536,5,1
97.38353967,5.136993436,0.344814,26.33,6.5872536,5,1
97.38563162,5.136993436,0.311338,26.33,6.5872536,4,1
97.38772357,5.136993436,0.305224,26.33,6.5872536,4,1
97.38981552,5.136993436,0.343644,26.33,6.5872536,5,1
97.39190748,5.136993436,0.42289,26.33,6.5872536,5,1
97.39399943,5.136993436,0.476824,26.33,6.5872536,5,1
97.39609138,5.136993436,0.459668,26.33,6.5872536,5,1
97.39818334,5.136993436,0.384278,26.33,6.5872536,5,1
97.40027529,5.136993436,0.340052,26.33,7.083216,5,1
97.40236724,5.136993436,0.354804,26.33,7.083216,5,1
97.40445919,5.136993436,0.344704,26.33,7.083216,5,1
97.40655115,5.136993436,0.338468,26.33,7.083216,5,1
97.4086431,5.136993436,0.342652,26.37,7.083216,5,1
97.41073505,5.136993436,0.34234,26.37,7.083216,5,1
97.412827,5.136993436,0.327996,26.37,7.083216,5,1
97.41491896,5.136993436,0.334828,26.37,7.083216,5,1
97.41701091,5.136993436,0.35497,26.39,7.083216,5,1
97.41910286,5.136993436,0.372104,26.39,7.083216,5,1
97.42119482,5.136993436,0.360086,26.39,7.083216,5,1
97.42328677,5.136993436,0.327744,26.39,7.083216,5,1
97.32464688,5.134909886,0.128716,24.23,6.5872536,4,0
97.32673883,5.134909886,0.151004,24.23,6.5872536,4,0
97.32883078,5.134909886,0.142238,24.23,6.5872536,4,0
97.33092272,5.134909886,0.120968,24.23,6.5872536,4,0
97.34138245,5.134909886,0.363494,24.55,6.5872536,5,1
97.3434744,5.134909886,0.372174,24.55,6.5872536,5,1
97.34556634,5.134909886,0.384424,24.55,6.5872536,5,1
97.34765829,5.134909886,0.321956,24.55,6.5872536,5,0
97.34975024,5.134909886,0.267182,24.57,6.5872536,4,0
97.35184218,5.134909886,0.288254,24.57,6.5872536,5,0
97.35393413,5.134909886,0.305576,24.57,6.5872536,5,0
97.35602607,5.134909886,0.258054,24.57,6.5872536,4,0
97.35811802,5.134909886,0.299214,24.57,6.5872536,5,0
97.36020997,5.134909886,0.373438,24.57,6.5872536,5,1
97.36230191,5.134909886,0.41502,24.57,6.5872536,5,1
97.36439386,5.134909886,0.422292,24.57,6.5872536,5,1
97.3664858,5.134909886,0.402772,25.07,6.5872536,5,1
97.36857775,5.134909886,0.415266,25.07,6.5872536,5,1
97.3706697,5.134909886,0.378656,25.07,6.5872536,5,1
97.37276164,5.134909886,0.386266,25.07,6.5872536,5,1
97.37485359,5.134909886,0.455596,25.93,6.5872536,5,1
97.37694553,5.134909886,0.513282,25.93,6.5872536,5,1
97.37903748,5.134909886,0.489826,25.93,6.5872536,5,1
97.38112943,5.134909886,0.396188,25.93,6.5872536,5,1
97.38322137,5.134909886,0.359138,26.21,6.5872536,5,1
97.38531332,5.134909886,0.320824,26.21,6.5872536,5,1
97.38740526,5.134909886,0.292242,26.21,6.5872536,4,1
97.38949721,5.134909886,0.309064,26.21,6.5872536,5,1
97.39158915,5.134909886,0.363776,26.21,6.5872536,5,1
97.3936811,5.134909886,0.448762,26.21,6.5872536,5,1
97.39577305,5.134909886,0.450434,26.21,6.5872536,5,1
97.39786499,5.134909886,0.408334,26.21,6.5872536,5,1
97.39995694,5.134909886,0.400734,26.23,6.5872536,5,1
97.40204888,5.134909886,0.381634,26.23,7.083216,5,1
97.40414083,5.134909886,0.360422,26.23,7.083216,5,1
97.40623278,5.134909886,0.3123,26.23,7.083216,4,1
97.40832472,5.134909886,0.297488,26.27,7.083216,4,1
97.41041667,5.134909886,0.337754,26.27,7.083216,5,1
97.41250861,5.134909886,0.359084,26.27,7.083216,5,1
97.41460056,5.134909886,0.396698,26.27,7.083216,5,1
97.41669251,5.134909886,0.420904,26.29,7.083216,5,1
97.41878445,5.134909886,0.388572,26.29,7.083216,5,1
97.4208764,5.134909886,0.350926,26.29,7.083216,5,1
97.42296834,5.134909886,0.318524,26.29,7.083216,4,1
97.32432891,5.132826336,0.122354,24.23,6.5872536,4,0
97.32642085,5.132826336,0.165274,24.23,6.5872536,4,0
97.32851279,5.132826336,0.179186,24.23,6.5872536,4,0
97.33060473,5.132826336,0.155166,24.23,6.5872536,4,0
97.34106442,5.132826336,0.315574,24.55,6.5872536,5,0
97.34315636,5.132826336,0.312784,24.55,6.5872536,5,0
97.3452483,5.132826336,0.361976,24.55,6.5872536,5,1
97.34734024,5.132826336,0.425888,24.55,6.5872536,5,1
97.34943218,5.132826336,0.45037,24.57,6.5872536,5,1
97.35152412,5.132826336,0.439914,24.57,6.5872536,5,1
97.35361606,5.132826336,0.378468,24.57,6.5872536,5,1
97.355708,5.132826336,0.295848,24.57,6.5872536,5,0
97.35779994,5.132826336,0.30071,24.57,6.5872536,5,0
97.35989188,5.132826336,0.362238,24.57,6.5872536,5,1
97.36198382,5.132826336,0.423828,24.57,6.5872536,5,1
97.36407575,5.132826336,0.41791,24.57,6.5872536,5,1
97.36616769,5.132826336,0.392162,25.07,6.5872536,5,1
97.36825963,5.132826336,0.411806,25.07,6.5872536,5,1
97.37035157,5.132826336,0.413028,25.07,6.5872536,5,1
97.37244351,5.132826336,0.389716,25.07,6.5872536,5,1
97.37453545,5.132826336,0.434678,25.93,6.5872536,5,1
97.37662739,5.132826336,0.517406,25.93,6.5872536,5,1
97.37871933,5.132826336,0.535608,25.93,6.5872536,5,1
97.38081127,5.132826336,0.45782,25.93,6.5872536,5,1
97.38290321,5.132826336,0.387682,26.21,6.5872536,5,1
97.38499515,5.132826336,0.33904,26.21,6.5872536,5,1
97.38708708,5.132826336,0.302998,26.21,6.5872536,4,1
97.38917902,5.132826336,0.290642,26.21,6.5872536,4,1
97.39127096,5.132826336,0.323674,26.21,6.5872536,5,1
97.3933629,5.132826336,0.371,26.21,6.5872536,5,1
97.39545484,5.132826336,0.377072,26.21,6.5872536,5,1
97.39754678,5.132826336,0.372898,26.21,6.5872536,5,1
97.39963872,5.132826336,0.387044,26.23,6.5872536,5,1
97.40173066,5.132826336,0.355068,26.23,7.083216,5,1
97.4038226,5.132826336,0.318638,26.23,7.083216,5,1
97.40591454,5.132826336,0.279992,26.23,7.083216,4,1
97.40800648,5.132826336,0.291506,26.27,7.083216,4,1
97.41009842,5.132826336,0.377704,26.27,7.083216,5,1
97.41219035,5.132826336,0.440594,26.27,7.083216,5,1
97.41428229,5.132826336,0.44609,26.27,7.083216,5,1
97.41637423,5.132826336,0.48051,26.29,7.083216,5,1
97.41846617,5.132826336,0.439108,26.29,7.083216,5,1
97.42055811,5.132826336,0.401332,26.29,7.083216,5,1
97.42265005,5.132826336,0.3637,26.29,7.083216,5,1
97.32401107,5.130742785,0.105566,24.23,6.5872536,4,0
97.326103,5.130742785,0.116024,24.23,6.5872536,4,0
97.32819493,5.130742785,0.134838,24.23,6.5872536,4,0
97.33028687,5.130742785,0.143652,24.23,6.5872536,4,0
97.34074653,5.130742785,0.228382,24.55,6.5872536,4,0
97.34283846,5.130742785,0.235044,24.55,6.5872536,4,0
97.34493039,5.130742785,0.290896,24.55,6.5872536,5,0
97.34702232,5.130742785,0.341726,24.55,6.5872536,5,0
97.34911426,5.130742785,0.413742,24.57,6.5872536,5,1
97.35120619,5.130742785,0.454354,24.57,6.5872536,5,1
97.35329812,5.130742785,0.418296,24.57,6.5872536,5,1
97.35539005,5.130742785,0.366606,24.57,6.5872536,5,1
97.35748199,5.130742785,0.320016,24.57,6.5872536,5,0
97.35957392,5.130742785,0.313084,24.57,6.5872536,5,0
97.36166585,5.130742785,0.374316,24.57,6.5872536,5,1
97.36375778,5.130742785,0.421702,24.57,6.5872536,5,1
97.36584972,5.130742785,0.380222,25.07,6.5872536,5,1
97.36794165,5.130742785,0.379152,25.07,6.5872536,5,1
97.37003358,5.130742785,0.403528,25.07,6.5872536,5,1
97.37212551,5.130742785,0.382106,25.07,6.5872536,5,1
97.37421744,5.130742785,0.366798,25.93,6.5872536,5,1
97.37630938,5.130742785,0.401832,25.93,6.5872536,5,1
97.37840131,5.130742785,0.450088,25.93,6.5872536,5,1
97.38049324,5.130742785,0.434264,25.93,6.5872536,5,1
97.38258517,5.130742785,0.375094,26.21,6.5872536,5,1
97.38467711,5.130742785,0.323164,26.21,6.5872536,5,1
97.38676904,5.130742785,0.305228,26.21,6.5872536,4,1
97.38886097,5.130742785,0.299402,26.21,6.5872536,4,1
97.3909529,5.130742785,0.3128,26.21,6.5872536,5,1
97.39304483,5.130742785,0.326862,26.21,6.5872536,5,1
97.39513677,5.130742785,0.335174,26.21,6.5872536,5,1
97.3972287,5.130742785,0.331978,26.21,6.5872536,5,1
97.39932063,5.130742785,0.357726,26.23,6.5872536,5,1
97.40141256,5.130742785,0.350562,26.23,7.083216,5,1
97.4035045,5.130742785,0.34013,26.23,7.083216,5,1
97.40559643,5.130742785,0.364626,26.23,7.083216,5,1
97.40768836,5.130742785,0.387076,26.27,7.083216,5,1
97.40978029,5.130742785,0.418924,26.27,7.083216,5,1
97.41187223,5.130742785,0.453502,26.27,7.083216,5,1
97.41396416,5.130742785,0.459502,26.27,7.083216,5,1
97.41605609,5.130742785,0.451442,26.29,7.083216,5,1
97.41814802,5.130742785,0.473574,26.29,7.083216,5,1
97.42023995,5.130742785,0.473768,26.29,7.083216,5,1
97.42233189,5.130742785,0.459754,26.29,7.083216,5,1
97.32369336,5.128659235,0.1248,24.23,6.5872536,4,0
97.32578528,5.128659235,0.154006,24.23,6.5872536,4,0
97.32787721,5.128659235,0.147204,24.23,6.5872536,4,0
97.32996913,5.128659235,0.16051,24.23,6.5872536,4,0
97.34042876,5.128659235,0.161614,24.55,6.5872536,4,0
97.34252069,5.128659235,0.230108,24.55,6.5872536,4,0
97.34461261,5.128659235,0.33147,24.55,6.5872536,5,0
97.34670454,5.128659235,0.341988,24.55,6.5872536,5,0
97.34879646,5.128659235,0.284082,24.57,6.5872536,5,0
97.35088839,5.128659235,0.285208,24.57,6.5872536,5,0
97.35298031,5.128659235,0.3171,24.57,6.5872536,5,0
97.35507224,5.128659235,0.346426,24.57,6.5872536,5,1
97.35716417,5.128659235,0.373768,24.57,6.5872536,5,1
97.35925609,5.128659235,0.372516,24.57,6.5872536,5,1
97.36134802,5.128659235,0.390168,24.57,6.5872536,5,1
97.36343994,5.128659235,0.4151,24.57,6.5872536,5,1
97.36553187,5.128659235,0.380388,25.07,6.5872536,5,1
97.36762379,5.128659235,0.362602,25.07,6.5872536,5,1
97.36971572,5.128659235,0.382378,25.07,6.5872536,5,1
97.37180764,5.128659235,0.361492,25.07,6.5872536,5,1
97.37389957,5.128659235,0.33664,25.93,6.5872536,5,1
97.37599149,5.128659235,0.347262,25.93,6.5872536,5,1
97.37808342,5.128659235,0.340326,25.93,6.5872536,5,1
97.38017535,5.128659235,0.35203,25.93,6.5872536,5,1
97.38226727,5.128659235,0.363756,26.21,6.5872536,5,1
97.3843592,5.128659235,0.340624,26.21,6.5872536,5,1
97.38645112,5.128659235,0.342228,26.21,6.5872536,5,1
97.38854305,5.128659235,0.348574,26.21,6.5872536,5,1
97.39063497,5.128659235,0.347106,26.21,6.5872536,5,1
97.3927269,5.128659235,0.37702,26.21,6.5872536,5,1
97.39481882,5.128659235,0.394374,26.21,6.5872536,5,1
97.39691075,5.128659235,0.407088,26.21,6.5872536,5,1
97.39900267,5.128659235,0.427826,26.23,6.5872536,5,1
97.4010946,5.128659235,0.419642,26.23,7.083216,5,1
97.40318653,5.128659235,0.405262,26.23,7.083216,5,1
97.40527845,5.128659235,0.404334,26.23,7.083216,5,1
97.40737038,5.128659235,0.399912,26.27,7.083216,5,1
97.4094623,5.128659235,0.379994,26.27,7.083216,5,1
97.41155423,5.128659235,0.381754,26.27,7.083216,5,1
97.41364615,5.128659235,0.38583,26.27,7.083216,5,1
97.41573808,5.128659235,0.383494,26.29,7.083216,5,1
97.41783,5.128659235,0.396532,26.29,7.083216,5,1
97.41992193,5.128659235,0.43628,26.29,7.083216,5,1
97.42201385,5.128659235,0.457282,26.29,7.083216,5,1
97.34011113,5.126575685,0.139484,24.23,6.5872536,4,0
97.34220305,5.126575685,0.169066,24.23,6.5872536,4,0
97.34429496,5.126575685,0.191424,24.23,6.5872536,4,0
97.34638688,5.126575685,0.197378,24.23,6.5872536,4,0
97.3484788,5.126575685,0.219852,24.35,6.5872536,4,0
97.35057072,5.126575685,0.227238,24.35,6.5872536,4,0
97.35266264,5.126575685,0.281994,24.35,6.5872536,5,0
97.35475456,5.126575685,0.388706,24.35,6.5872536,5,1
97.35684648,5.126575685,0.416966,24.41,6.5872536,5,1
97.35893839,5.126575685,0.409012,24.41,6.5872536,5,1
97.36103031,5.126575685,0.403518,24.41,6.5872536,5,1
97.36312223,5.126575685,0.405162,24.41,6.5872536,5,1
97.36521415,5.126575685,0.40019,25.09,6.5872536,5,1
97.36730607,5.126575685,0.37359,25.09,6.5872536,5,1
97.36939799,5.126575685,0.387064,25.09,6.5872536,5,1
97.37148991,5.126575685,0.393478,25.09,6.5872536,5,1
97.37358182,5.126575685,0.399678,25.99,6.5872536,5,1
97.37567374,5.126575685,0.408534,25.99,6.5872536,5,1
97.37776566,5.126575685,0.385882,25.99,6.5872536,5,1
97.37985758,5.126575685,0.384056,25.99,6.5872536,5,1
97.3819495,5.126575685,0.4028,26.19,6.5872536,5,1
97.38404142,5.126575685,0.395444,26.19,6.5872536,5,1
97.38613334,5.126575685,0.385824,26.19,6.5872536,5,1
97.38822526,5.126575685,0.412342,26.19,6.5872536,5,1
97.39031717,5.126575685,0.418128,26.19,6.5872536,5,1
97.39240909,5.126575685,0.439732,26.19,6.5872536,5,1
97.39450101,5.126575685,0.459324,26.19,6.5872536,5,1
97.39659293,5.126575685,0.412308,26.19,6.5872536,5,1
97.39868485,5.126575685,0.398314,26.19,6.5872536,5,1
97.40077677,5.126575685,0.429998,26.19,7.083216,5,1
97.40286869,5.126575685,0.453142,26.19,7.083216,5,1
97.4049606,5.126575685,0.426874,26.19,7.083216,5,1
97.40705252,5.126575685,0.402002,26.25,7.083216,5,1
97.40914444,5.126575685,0.363442,26.25,7.083216,5,1
97.41123636,5.126575685,0.348912,26.25,7.083216,5,1
97.41332828,5.126575685,0.352184,26.25,7.083216,5,1
97.4154202,5.126575685,0.345816,26.29,7.083216,5,1
97.41751212,5.126575685,0.342894,26.29,7.083216,5,1
97.41960403,5.126575685,0.344344,26.29,7.083216,5,1
97.42169595,5.126575685,0.369254,26.29,7.083216,5,1
97.33979362,5.124492134,0.15908,24.23,6.5872536,4,0
97.34188553,5.124492134,0.172162,24.23,6.5872536,4,0
97.34397745,5.124492134,0.19474,24.23,6.5872536,4,0
97.34606936,5.124492134,0.230552,24.23,6.5872536,4,0
97.34816127,5.124492134,0.300236,24.35,6.5872536,5,0
97.35025318,5.124492134,0.328868,24.35,6.5872536,5,0
97.35234509,5.124492134,0.32539,24.35,6.5872536,5,0
97.35443701,5.124492134,0.359038,24.35,6.5872536,5,0
97.35652892,5.124492134,0.384198,24.41,6.5872536,5,1
97.35862083,5.124492134,0.389962,24.41,6.5872536,5,1
97.36071274,5.124492134,0.358236,24.41,6.5872536,5,0
97.36280465,5.124492134,0.357538,24.41,6.5872536,5,0
97.36489656,5.124492134,0.40638,25.09,6.5872536,5,1
97.36698848,5.124492134,0.430772,25.09,6.5872536,5,1
97.36908039,5.124492134,0.435856,25.09,6.5872536,5,1
97.3711723,5.124492134,0.427074,25.09,6.5872536,5,1
97.37326421,5.124492134,0.394752,25.99,6.5872536,5,1
97.37535612,5.124492134,0.392228,25.99,6.5872536,5,1
97.37744803,5.124492134,0.380302,25.99,6.5872536,5,1
97.37953995,5.124492134,0.366202,25.99,6.5872536,5,1
